-- phpMyAdmin SQL Dump
-- version 3.4.10.1deb1
-- http://www.phpmyadmin.net
--
-- Host: localhost
-- Generation Time: Nov 11, 2014 at 08:29 PM
-- Server version: 5.5.40
-- PHP Version: 5.3.10-1ubuntu3.15

SET SQL_MODE="NO_AUTO_VALUE_ON_ZERO";
SET time_zone = "+00:00";


/*!40101 SET @OLD_CHARACTER_SET_CLIENT=@@CHARACTER_SET_CLIENT */;
/*!40101 SET @OLD_CHARACTER_SET_RESULTS=@@CHARACTER_SET_RESULTS */;
/*!40101 SET @OLD_COLLATION_CONNECTION=@@COLLATION_CONNECTION */;
/*!40101 SET NAMES utf8 */;

--
-- Database: `srbd_opengrok`
--

-- --------------------------------------------------------

--
-- Table structure for table `admins`
--

CREATE TABLE IF NOT EXISTS `admins` (
  `id` int(11) NOT NULL AUTO_INCREMENT,
  `email` varchar(255) NOT NULL DEFAULT '',
  `encrypted_password` varchar(255) NOT NULL DEFAULT '',
  `reset_password_token` varchar(255) DEFAULT NULL,
  `reset_password_sent_at` datetime DEFAULT NULL,
  `remember_created_at` datetime DEFAULT NULL,
  `sign_in_count` int(11) NOT NULL DEFAULT '0',
  `current_sign_in_at` datetime DEFAULT NULL,
  `last_sign_in_at` datetime DEFAULT NULL,
  `current_sign_in_ip` varchar(255) DEFAULT NULL,
  `last_sign_in_ip` varchar(255) DEFAULT NULL,
  `created_at` datetime DEFAULT NULL,
  `updated_at` datetime DEFAULT NULL,
  `username` varchar(255) DEFAULT NULL,
  PRIMARY KEY (`id`),
  UNIQUE KEY `index_admins_on_username` (`username`)
) ENGINE=InnoDB  DEFAULT CHARSET=latin1 AUTO_INCREMENT=2 ;

--
-- Dumping data for table `admins`
--

INSERT INTO `admins` (`id`, `email`, `encrypted_password`, `reset_password_token`, `reset_password_sent_at`, `remember_created_at`, `sign_in_count`, `current_sign_in_at`, `last_sign_in_at`, `current_sign_in_ip`, `last_sign_in_ip`, `created_at`, `updated_at`, `username`) VALUES
(1, 's.hossain@samsung.com', '$2a$10$wZALNYYVZ.h5Kaj0/fP/wuHsmCeGkIfQoAaGk9pGyVJymE64OYIAG', NULL, NULL, NULL, 120, '2014-11-11 14:01:34', '2014-11-11 08:16:38', '107.109.6.236', '107.109.6.236', '2014-09-29 04:31:06', '2014-11-11 14:01:34', 'admin');

-- --------------------------------------------------------

--
-- Table structure for table `projects`
--

CREATE TABLE IF NOT EXISTS `projects` (
  `id` int(11) NOT NULL AUTO_INCREMENT,
  `projectname` varchar(255) NOT NULL,
  `created_at` datetime DEFAULT NULL,
  `updated_at` datetime DEFAULT NULL,
  PRIMARY KEY (`id`)
) ENGINE=InnoDB  DEFAULT CHARSET=latin1 AUTO_INCREMENT=34 ;

--
-- Dumping data for table `projects`
--

INSERT INTO `projects` (`id`, `projectname`, `created_at`, `updated_at`) VALUES
(30, 'V2LTE-EUR-OPEN', '2014-11-11 14:06:08', '2014-11-11 14:06:08'),
(31, 'DEGASLTE-T235-MAIN', '2014-11-11 14:07:32', '2014-11-11 14:07:32'),
(32, 'LT03-P600-T601-MAIN', '2014-11-11 14:07:48', '2014-11-11 14:07:48'),
(33, 'ALTIUS-I9500-I9505-PROD', '2014-11-11 14:08:34', '2014-11-11 14:08:34');

-- --------------------------------------------------------

--
-- Table structure for table `projectusers`
--

CREATE TABLE IF NOT EXISTS `projectusers` (
  `id` int(11) NOT NULL AUTO_INCREMENT,
  `project_id` int(11) DEFAULT NULL,
  `user_id` int(11) DEFAULT NULL,
  `created_at` datetime DEFAULT NULL,
  `updated_at` datetime DEFAULT NULL,
  PRIMARY KEY (`id`),
  UNIQUE KEY `index_projectusers_on_project_id_and_user_id` (`project_id`,`user_id`)
) ENGINE=InnoDB  DEFAULT CHARSET=latin1 AUTO_INCREMENT=1083 ;

--
-- Dumping data for table `projectusers`
--

INSERT INTO `projectusers` (`id`, `project_id`, `user_id`, `created_at`, `updated_at`) VALUES
(3, 30, 361, '2014-11-11 14:06:08', '2014-11-11 14:06:08'),
(4, 30, 362, '2014-11-11 14:06:08', '2014-11-11 14:06:08'),
(5, 30, 363, '2014-11-11 14:06:08', '2014-11-11 14:06:08'),
(6, 30, 364, '2014-11-11 14:06:08', '2014-11-11 14:06:08'),
(7, 30, 365, '2014-11-11 14:06:08', '2014-11-11 14:06:08'),
(8, 30, 366, '2014-11-11 14:06:08', '2014-11-11 14:06:08'),
(9, 30, 367, '2014-11-11 14:06:08', '2014-11-11 14:06:08'),
(10, 30, 368, '2014-11-11 14:06:08', '2014-11-11 14:06:08'),
(11, 30, 369, '2014-11-11 14:06:08', '2014-11-11 14:06:08'),
(12, 30, 370, '2014-11-11 14:06:08', '2014-11-11 14:06:08'),
(13, 30, 371, '2014-11-11 14:06:08', '2014-11-11 14:06:08'),
(14, 30, 372, '2014-11-11 14:06:08', '2014-11-11 14:06:08'),
(15, 30, 373, '2014-11-11 14:06:08', '2014-11-11 14:06:08'),
(16, 30, 374, '2014-11-11 14:06:08', '2014-11-11 14:06:08'),
(17, 30, 375, '2014-11-11 14:06:08', '2014-11-11 14:06:08'),
(18, 30, 376, '2014-11-11 14:06:08', '2014-11-11 14:06:08'),
(19, 30, 377, '2014-11-11 14:06:08', '2014-11-11 14:06:08'),
(20, 30, 378, '2014-11-11 14:06:08', '2014-11-11 14:06:08'),
(21, 30, 379, '2014-11-11 14:06:08', '2014-11-11 14:06:08'),
(22, 30, 380, '2014-11-11 14:06:08', '2014-11-11 14:06:08'),
(23, 30, 381, '2014-11-11 14:06:08', '2014-11-11 14:06:08'),
(24, 30, 382, '2014-11-11 14:06:08', '2014-11-11 14:06:08'),
(25, 30, 383, '2014-11-11 14:06:08', '2014-11-11 14:06:08'),
(26, 30, 384, '2014-11-11 14:06:08', '2014-11-11 14:06:08'),
(27, 30, 385, '2014-11-11 14:06:08', '2014-11-11 14:06:08'),
(28, 30, 386, '2014-11-11 14:06:08', '2014-11-11 14:06:08'),
(29, 30, 387, '2014-11-11 14:06:08', '2014-11-11 14:06:08'),
(30, 30, 388, '2014-11-11 14:06:08', '2014-11-11 14:06:08'),
(31, 30, 389, '2014-11-11 14:06:08', '2014-11-11 14:06:08'),
(32, 30, 390, '2014-11-11 14:06:08', '2014-11-11 14:06:08'),
(33, 30, 391, '2014-11-11 14:06:08', '2014-11-11 14:06:08'),
(34, 30, 392, '2014-11-11 14:06:08', '2014-11-11 14:06:08'),
(35, 30, 393, '2014-11-11 14:06:08', '2014-11-11 14:06:08'),
(36, 30, 394, '2014-11-11 14:06:08', '2014-11-11 14:06:08'),
(37, 30, 395, '2014-11-11 14:06:08', '2014-11-11 14:06:08'),
(38, 30, 396, '2014-11-11 14:06:08', '2014-11-11 14:06:08'),
(39, 30, 397, '2014-11-11 14:06:08', '2014-11-11 14:06:08'),
(40, 30, 398, '2014-11-11 14:06:08', '2014-11-11 14:06:08'),
(41, 30, 399, '2014-11-11 14:06:08', '2014-11-11 14:06:08'),
(42, 30, 400, '2014-11-11 14:06:08', '2014-11-11 14:06:08'),
(43, 30, 401, '2014-11-11 14:06:08', '2014-11-11 14:06:08'),
(44, 30, 402, '2014-11-11 14:06:08', '2014-11-11 14:06:08'),
(45, 30, 403, '2014-11-11 14:06:08', '2014-11-11 14:06:08'),
(46, 30, 404, '2014-11-11 14:06:08', '2014-11-11 14:06:08'),
(47, 30, 405, '2014-11-11 14:06:08', '2014-11-11 14:06:08'),
(48, 30, 406, '2014-11-11 14:06:08', '2014-11-11 14:06:08'),
(49, 30, 407, '2014-11-11 14:06:08', '2014-11-11 14:06:08'),
(50, 30, 408, '2014-11-11 14:06:08', '2014-11-11 14:06:08'),
(51, 30, 409, '2014-11-11 14:06:08', '2014-11-11 14:06:08'),
(52, 30, 410, '2014-11-11 14:06:08', '2014-11-11 14:06:08'),
(53, 30, 411, '2014-11-11 14:06:08', '2014-11-11 14:06:08'),
(54, 30, 412, '2014-11-11 14:06:08', '2014-11-11 14:06:08'),
(55, 30, 413, '2014-11-11 14:06:08', '2014-11-11 14:06:08'),
(56, 30, 414, '2014-11-11 14:06:08', '2014-11-11 14:06:08'),
(57, 30, 415, '2014-11-11 14:06:08', '2014-11-11 14:06:08'),
(58, 30, 416, '2014-11-11 14:06:08', '2014-11-11 14:06:08'),
(59, 30, 417, '2014-11-11 14:06:08', '2014-11-11 14:06:08'),
(60, 30, 418, '2014-11-11 14:06:08', '2014-11-11 14:06:08'),
(61, 30, 419, '2014-11-11 14:06:08', '2014-11-11 14:06:08'),
(62, 30, 420, '2014-11-11 14:06:08', '2014-11-11 14:06:08'),
(63, 30, 421, '2014-11-11 14:06:08', '2014-11-11 14:06:08'),
(64, 30, 422, '2014-11-11 14:06:08', '2014-11-11 14:06:08'),
(65, 30, 423, '2014-11-11 14:06:08', '2014-11-11 14:06:08'),
(66, 30, 424, '2014-11-11 14:06:08', '2014-11-11 14:06:08'),
(67, 30, 425, '2014-11-11 14:06:08', '2014-11-11 14:06:08'),
(68, 30, 426, '2014-11-11 14:06:08', '2014-11-11 14:06:08'),
(69, 30, 427, '2014-11-11 14:06:08', '2014-11-11 14:06:08'),
(70, 30, 428, '2014-11-11 14:06:08', '2014-11-11 14:06:08'),
(71, 30, 429, '2014-11-11 14:06:08', '2014-11-11 14:06:08'),
(72, 30, 430, '2014-11-11 14:06:08', '2014-11-11 14:06:08'),
(73, 30, 431, '2014-11-11 14:06:08', '2014-11-11 14:06:08'),
(74, 30, 432, '2014-11-11 14:06:08', '2014-11-11 14:06:08'),
(75, 30, 433, '2014-11-11 14:06:08', '2014-11-11 14:06:08'),
(76, 30, 434, '2014-11-11 14:06:08', '2014-11-11 14:06:08'),
(77, 30, 435, '2014-11-11 14:06:08', '2014-11-11 14:06:08'),
(78, 30, 436, '2014-11-11 14:06:08', '2014-11-11 14:06:08'),
(79, 30, 437, '2014-11-11 14:06:08', '2014-11-11 14:06:08'),
(80, 30, 438, '2014-11-11 14:06:08', '2014-11-11 14:06:08'),
(81, 30, 439, '2014-11-11 14:06:08', '2014-11-11 14:06:08'),
(82, 30, 440, '2014-11-11 14:06:08', '2014-11-11 14:06:08'),
(83, 30, 441, '2014-11-11 14:06:08', '2014-11-11 14:06:08'),
(84, 30, 442, '2014-11-11 14:06:08', '2014-11-11 14:06:08'),
(85, 30, 443, '2014-11-11 14:06:08', '2014-11-11 14:06:08'),
(86, 30, 444, '2014-11-11 14:06:08', '2014-11-11 14:06:08'),
(87, 30, 445, '2014-11-11 14:06:08', '2014-11-11 14:06:08'),
(88, 30, 446, '2014-11-11 14:06:08', '2014-11-11 14:06:08'),
(89, 30, 447, '2014-11-11 14:06:08', '2014-11-11 14:06:08'),
(90, 30, 448, '2014-11-11 14:06:08', '2014-11-11 14:06:08'),
(91, 30, 449, '2014-11-11 14:06:08', '2014-11-11 14:06:08'),
(92, 30, 450, '2014-11-11 14:06:08', '2014-11-11 14:06:08'),
(93, 30, 451, '2014-11-11 14:06:08', '2014-11-11 14:06:08'),
(94, 30, 452, '2014-11-11 14:06:08', '2014-11-11 14:06:08'),
(95, 30, 453, '2014-11-11 14:06:08', '2014-11-11 14:06:08'),
(96, 30, 454, '2014-11-11 14:06:08', '2014-11-11 14:06:08'),
(97, 30, 455, '2014-11-11 14:06:08', '2014-11-11 14:06:08'),
(98, 30, 456, '2014-11-11 14:06:08', '2014-11-11 14:06:08'),
(99, 30, 457, '2014-11-11 14:06:08', '2014-11-11 14:06:08'),
(100, 30, 458, '2014-11-11 14:06:08', '2014-11-11 14:06:08'),
(101, 30, 459, '2014-11-11 14:06:08', '2014-11-11 14:06:08'),
(102, 30, 460, '2014-11-11 14:06:08', '2014-11-11 14:06:08'),
(103, 30, 461, '2014-11-11 14:06:08', '2014-11-11 14:06:08'),
(104, 30, 462, '2014-11-11 14:06:08', '2014-11-11 14:06:08'),
(105, 30, 463, '2014-11-11 14:06:08', '2014-11-11 14:06:08'),
(106, 30, 464, '2014-11-11 14:06:08', '2014-11-11 14:06:08'),
(107, 30, 465, '2014-11-11 14:06:08', '2014-11-11 14:06:08'),
(108, 30, 466, '2014-11-11 14:06:08', '2014-11-11 14:06:08'),
(109, 30, 467, '2014-11-11 14:06:08', '2014-11-11 14:06:08'),
(110, 30, 468, '2014-11-11 14:06:08', '2014-11-11 14:06:08'),
(111, 30, 469, '2014-11-11 14:06:08', '2014-11-11 14:06:08'),
(112, 30, 470, '2014-11-11 14:06:08', '2014-11-11 14:06:08'),
(113, 30, 471, '2014-11-11 14:06:08', '2014-11-11 14:06:08'),
(114, 30, 472, '2014-11-11 14:06:08', '2014-11-11 14:06:08'),
(115, 30, 473, '2014-11-11 14:06:08', '2014-11-11 14:06:08'),
(116, 30, 474, '2014-11-11 14:06:08', '2014-11-11 14:06:08'),
(117, 30, 475, '2014-11-11 14:06:08', '2014-11-11 14:06:08'),
(118, 30, 476, '2014-11-11 14:06:08', '2014-11-11 14:06:08'),
(119, 30, 477, '2014-11-11 14:06:08', '2014-11-11 14:06:08'),
(120, 30, 478, '2014-11-11 14:06:08', '2014-11-11 14:06:08'),
(121, 30, 479, '2014-11-11 14:06:08', '2014-11-11 14:06:08'),
(122, 30, 480, '2014-11-11 14:06:08', '2014-11-11 14:06:08'),
(123, 30, 481, '2014-11-11 14:06:08', '2014-11-11 14:06:08'),
(124, 30, 482, '2014-11-11 14:06:08', '2014-11-11 14:06:08'),
(125, 30, 483, '2014-11-11 14:06:08', '2014-11-11 14:06:08'),
(126, 30, 484, '2014-11-11 14:06:08', '2014-11-11 14:06:08'),
(127, 30, 485, '2014-11-11 14:06:08', '2014-11-11 14:06:08'),
(128, 30, 486, '2014-11-11 14:06:08', '2014-11-11 14:06:08'),
(129, 30, 487, '2014-11-11 14:06:08', '2014-11-11 14:06:08'),
(130, 30, 488, '2014-11-11 14:06:08', '2014-11-11 14:06:08'),
(131, 30, 489, '2014-11-11 14:06:08', '2014-11-11 14:06:08'),
(132, 30, 490, '2014-11-11 14:06:08', '2014-11-11 14:06:08'),
(133, 30, 491, '2014-11-11 14:06:08', '2014-11-11 14:06:08'),
(134, 30, 492, '2014-11-11 14:06:08', '2014-11-11 14:06:08'),
(135, 30, 493, '2014-11-11 14:06:08', '2014-11-11 14:06:08'),
(136, 30, 494, '2014-11-11 14:06:08', '2014-11-11 14:06:08'),
(137, 30, 495, '2014-11-11 14:06:08', '2014-11-11 14:06:08'),
(138, 30, 496, '2014-11-11 14:06:08', '2014-11-11 14:06:08'),
(139, 30, 497, '2014-11-11 14:06:08', '2014-11-11 14:06:08'),
(140, 30, 498, '2014-11-11 14:06:08', '2014-11-11 14:06:08'),
(141, 30, 499, '2014-11-11 14:06:08', '2014-11-11 14:06:08'),
(142, 30, 500, '2014-11-11 14:06:08', '2014-11-11 14:06:08'),
(143, 30, 501, '2014-11-11 14:06:08', '2014-11-11 14:06:08'),
(144, 30, 502, '2014-11-11 14:06:08', '2014-11-11 14:06:08'),
(145, 30, 503, '2014-11-11 14:06:08', '2014-11-11 14:06:08'),
(146, 30, 504, '2014-11-11 14:06:08', '2014-11-11 14:06:08'),
(147, 30, 505, '2014-11-11 14:06:08', '2014-11-11 14:06:08'),
(148, 30, 506, '2014-11-11 14:06:08', '2014-11-11 14:06:08'),
(149, 30, 507, '2014-11-11 14:06:08', '2014-11-11 14:06:08'),
(150, 30, 508, '2014-11-11 14:06:08', '2014-11-11 14:06:08'),
(151, 30, 509, '2014-11-11 14:06:08', '2014-11-11 14:06:08'),
(152, 30, 510, '2014-11-11 14:06:08', '2014-11-11 14:06:08'),
(153, 30, 511, '2014-11-11 14:06:08', '2014-11-11 14:06:08'),
(154, 30, 512, '2014-11-11 14:06:08', '2014-11-11 14:06:08'),
(155, 30, 513, '2014-11-11 14:06:08', '2014-11-11 14:06:08'),
(156, 30, 514, '2014-11-11 14:06:08', '2014-11-11 14:06:08'),
(157, 30, 515, '2014-11-11 14:06:08', '2014-11-11 14:06:08'),
(158, 30, 516, '2014-11-11 14:06:08', '2014-11-11 14:06:08'),
(159, 30, 517, '2014-11-11 14:06:08', '2014-11-11 14:06:08'),
(160, 30, 518, '2014-11-11 14:06:08', '2014-11-11 14:06:08'),
(161, 30, 519, '2014-11-11 14:06:08', '2014-11-11 14:06:08'),
(162, 30, 520, '2014-11-11 14:06:08', '2014-11-11 14:06:08'),
(163, 30, 521, '2014-11-11 14:06:08', '2014-11-11 14:06:08'),
(164, 30, 522, '2014-11-11 14:06:08', '2014-11-11 14:06:08'),
(165, 30, 523, '2014-11-11 14:06:08', '2014-11-11 14:06:08'),
(166, 30, 524, '2014-11-11 14:06:08', '2014-11-11 14:06:08'),
(167, 30, 525, '2014-11-11 14:06:08', '2014-11-11 14:06:08'),
(168, 30, 526, '2014-11-11 14:06:08', '2014-11-11 14:06:08'),
(169, 30, 527, '2014-11-11 14:06:08', '2014-11-11 14:06:08'),
(170, 30, 528, '2014-11-11 14:06:08', '2014-11-11 14:06:08'),
(171, 30, 529, '2014-11-11 14:06:08', '2014-11-11 14:06:08'),
(172, 30, 530, '2014-11-11 14:06:08', '2014-11-11 14:06:08'),
(173, 30, 531, '2014-11-11 14:06:08', '2014-11-11 14:06:08'),
(174, 30, 532, '2014-11-11 14:06:08', '2014-11-11 14:06:08'),
(175, 30, 533, '2014-11-11 14:06:08', '2014-11-11 14:06:08'),
(176, 30, 534, '2014-11-11 14:06:08', '2014-11-11 14:06:08'),
(177, 30, 535, '2014-11-11 14:06:08', '2014-11-11 14:06:08'),
(178, 30, 536, '2014-11-11 14:06:08', '2014-11-11 14:06:08'),
(179, 30, 537, '2014-11-11 14:06:08', '2014-11-11 14:06:08'),
(180, 30, 538, '2014-11-11 14:06:08', '2014-11-11 14:06:08'),
(181, 30, 539, '2014-11-11 14:06:08', '2014-11-11 14:06:08'),
(182, 30, 540, '2014-11-11 14:06:08', '2014-11-11 14:06:08'),
(183, 30, 541, '2014-11-11 14:06:08', '2014-11-11 14:06:08'),
(184, 30, 542, '2014-11-11 14:06:08', '2014-11-11 14:06:08'),
(185, 30, 543, '2014-11-11 14:06:08', '2014-11-11 14:06:08'),
(186, 30, 544, '2014-11-11 14:06:08', '2014-11-11 14:06:08'),
(187, 30, 545, '2014-11-11 14:06:08', '2014-11-11 14:06:08'),
(188, 30, 546, '2014-11-11 14:06:08', '2014-11-11 14:06:08'),
(189, 30, 547, '2014-11-11 14:06:08', '2014-11-11 14:06:08'),
(190, 30, 548, '2014-11-11 14:06:08', '2014-11-11 14:06:08'),
(191, 30, 549, '2014-11-11 14:06:08', '2014-11-11 14:06:08'),
(192, 30, 550, '2014-11-11 14:06:08', '2014-11-11 14:06:08'),
(193, 30, 551, '2014-11-11 14:06:08', '2014-11-11 14:06:08'),
(194, 30, 552, '2014-11-11 14:06:08', '2014-11-11 14:06:08'),
(195, 30, 553, '2014-11-11 14:06:08', '2014-11-11 14:06:08'),
(196, 30, 554, '2014-11-11 14:06:08', '2014-11-11 14:06:08'),
(197, 30, 555, '2014-11-11 14:06:08', '2014-11-11 14:06:08'),
(198, 30, 556, '2014-11-11 14:06:08', '2014-11-11 14:06:08'),
(199, 30, 557, '2014-11-11 14:06:08', '2014-11-11 14:06:08'),
(200, 30, 558, '2014-11-11 14:06:08', '2014-11-11 14:06:08'),
(201, 30, 559, '2014-11-11 14:06:08', '2014-11-11 14:06:08'),
(202, 30, 560, '2014-11-11 14:06:08', '2014-11-11 14:06:08'),
(203, 30, 561, '2014-11-11 14:06:08', '2014-11-11 14:06:08'),
(204, 30, 562, '2014-11-11 14:06:08', '2014-11-11 14:06:08'),
(205, 30, 563, '2014-11-11 14:06:08', '2014-11-11 14:06:08'),
(206, 30, 564, '2014-11-11 14:06:08', '2014-11-11 14:06:08'),
(207, 30, 565, '2014-11-11 14:06:08', '2014-11-11 14:06:08'),
(208, 30, 566, '2014-11-11 14:06:08', '2014-11-11 14:06:08'),
(209, 30, 567, '2014-11-11 14:06:08', '2014-11-11 14:06:08'),
(210, 30, 568, '2014-11-11 14:06:08', '2014-11-11 14:06:08'),
(211, 30, 569, '2014-11-11 14:06:08', '2014-11-11 14:06:08'),
(212, 30, 570, '2014-11-11 14:06:08', '2014-11-11 14:06:08'),
(213, 30, 571, '2014-11-11 14:06:08', '2014-11-11 14:06:08'),
(214, 30, 572, '2014-11-11 14:06:08', '2014-11-11 14:06:08'),
(215, 30, 573, '2014-11-11 14:06:08', '2014-11-11 14:06:08'),
(216, 30, 574, '2014-11-11 14:06:08', '2014-11-11 14:06:08'),
(217, 30, 575, '2014-11-11 14:06:08', '2014-11-11 14:06:08'),
(218, 30, 576, '2014-11-11 14:06:08', '2014-11-11 14:06:08'),
(219, 30, 577, '2014-11-11 14:06:08', '2014-11-11 14:06:08'),
(220, 30, 578, '2014-11-11 14:06:08', '2014-11-11 14:06:08'),
(221, 30, 579, '2014-11-11 14:06:08', '2014-11-11 14:06:08'),
(222, 30, 580, '2014-11-11 14:06:08', '2014-11-11 14:06:08'),
(223, 30, 581, '2014-11-11 14:06:08', '2014-11-11 14:06:08'),
(224, 30, 582, '2014-11-11 14:06:08', '2014-11-11 14:06:08'),
(225, 30, 583, '2014-11-11 14:06:08', '2014-11-11 14:06:08'),
(226, 30, 584, '2014-11-11 14:06:08', '2014-11-11 14:06:08'),
(227, 30, 585, '2014-11-11 14:06:08', '2014-11-11 14:06:08'),
(228, 30, 586, '2014-11-11 14:06:08', '2014-11-11 14:06:08'),
(229, 30, 587, '2014-11-11 14:06:08', '2014-11-11 14:06:08'),
(230, 30, 588, '2014-11-11 14:06:08', '2014-11-11 14:06:08'),
(231, 30, 589, '2014-11-11 14:06:08', '2014-11-11 14:06:08'),
(232, 30, 590, '2014-11-11 14:06:08', '2014-11-11 14:06:08'),
(233, 30, 591, '2014-11-11 14:06:08', '2014-11-11 14:06:08'),
(234, 30, 592, '2014-11-11 14:06:08', '2014-11-11 14:06:08'),
(235, 30, 593, '2014-11-11 14:06:08', '2014-11-11 14:06:08'),
(236, 30, 594, '2014-11-11 14:06:08', '2014-11-11 14:06:08'),
(237, 30, 595, '2014-11-11 14:06:08', '2014-11-11 14:06:08'),
(238, 30, 596, '2014-11-11 14:06:08', '2014-11-11 14:06:08'),
(239, 30, 597, '2014-11-11 14:06:08', '2014-11-11 14:06:08'),
(240, 30, 598, '2014-11-11 14:06:08', '2014-11-11 14:06:08'),
(241, 30, 599, '2014-11-11 14:06:08', '2014-11-11 14:06:08'),
(242, 30, 600, '2014-11-11 14:06:08', '2014-11-11 14:06:08'),
(243, 30, 601, '2014-11-11 14:06:08', '2014-11-11 14:06:08'),
(244, 30, 602, '2014-11-11 14:06:08', '2014-11-11 14:06:08'),
(245, 30, 603, '2014-11-11 14:06:08', '2014-11-11 14:06:08'),
(246, 30, 604, '2014-11-11 14:06:08', '2014-11-11 14:06:08'),
(247, 30, 605, '2014-11-11 14:06:08', '2014-11-11 14:06:08'),
(248, 30, 606, '2014-11-11 14:06:08', '2014-11-11 14:06:08'),
(249, 30, 607, '2014-11-11 14:06:08', '2014-11-11 14:06:08'),
(250, 30, 608, '2014-11-11 14:06:08', '2014-11-11 14:06:08'),
(251, 30, 609, '2014-11-11 14:06:08', '2014-11-11 14:06:08'),
(252, 30, 610, '2014-11-11 14:06:08', '2014-11-11 14:06:08'),
(253, 30, 611, '2014-11-11 14:06:08', '2014-11-11 14:06:08'),
(254, 30, 612, '2014-11-11 14:06:08', '2014-11-11 14:06:08'),
(255, 30, 613, '2014-11-11 14:06:08', '2014-11-11 14:06:08'),
(256, 30, 614, '2014-11-11 14:06:08', '2014-11-11 14:06:08'),
(257, 30, 615, '2014-11-11 14:06:08', '2014-11-11 14:06:08'),
(258, 30, 616, '2014-11-11 14:06:08', '2014-11-11 14:06:08'),
(259, 30, 617, '2014-11-11 14:06:08', '2014-11-11 14:06:08'),
(260, 30, 618, '2014-11-11 14:06:08', '2014-11-11 14:06:08'),
(261, 30, 619, '2014-11-11 14:06:08', '2014-11-11 14:06:08'),
(262, 30, 620, '2014-11-11 14:06:08', '2014-11-11 14:06:08'),
(263, 30, 621, '2014-11-11 14:06:08', '2014-11-11 14:06:08'),
(264, 30, 622, '2014-11-11 14:06:08', '2014-11-11 14:06:08'),
(265, 30, 624, '2014-11-11 14:06:08', '2014-11-11 14:06:08'),
(266, 30, 625, '2014-11-11 14:06:08', '2014-11-11 14:06:08'),
(267, 30, 626, '2014-11-11 14:06:08', '2014-11-11 14:06:08'),
(268, 30, 627, '2014-11-11 14:06:08', '2014-11-11 14:06:08'),
(269, 30, 628, '2014-11-11 14:06:08', '2014-11-11 14:06:08'),
(270, 30, 629, '2014-11-11 14:06:08', '2014-11-11 14:06:08'),
(271, 30, 630, '2014-11-11 14:06:08', '2014-11-11 14:06:08'),
(272, 30, 631, '2014-11-11 14:06:08', '2014-11-11 14:06:08'),
(273, 31, 361, '2014-11-11 14:07:32', '2014-11-11 14:07:32'),
(274, 31, 362, '2014-11-11 14:07:32', '2014-11-11 14:07:32'),
(275, 31, 363, '2014-11-11 14:07:32', '2014-11-11 14:07:32'),
(276, 31, 364, '2014-11-11 14:07:32', '2014-11-11 14:07:32'),
(277, 31, 365, '2014-11-11 14:07:32', '2014-11-11 14:07:32'),
(278, 31, 366, '2014-11-11 14:07:32', '2014-11-11 14:07:32'),
(279, 31, 367, '2014-11-11 14:07:32', '2014-11-11 14:07:32'),
(280, 31, 368, '2014-11-11 14:07:32', '2014-11-11 14:07:32'),
(281, 31, 369, '2014-11-11 14:07:32', '2014-11-11 14:07:32'),
(282, 31, 370, '2014-11-11 14:07:32', '2014-11-11 14:07:32'),
(283, 31, 371, '2014-11-11 14:07:32', '2014-11-11 14:07:32'),
(284, 31, 372, '2014-11-11 14:07:32', '2014-11-11 14:07:32'),
(285, 31, 373, '2014-11-11 14:07:32', '2014-11-11 14:07:32'),
(286, 31, 374, '2014-11-11 14:07:32', '2014-11-11 14:07:32'),
(287, 31, 375, '2014-11-11 14:07:32', '2014-11-11 14:07:32'),
(288, 31, 376, '2014-11-11 14:07:32', '2014-11-11 14:07:32'),
(289, 31, 377, '2014-11-11 14:07:32', '2014-11-11 14:07:32'),
(290, 31, 378, '2014-11-11 14:07:32', '2014-11-11 14:07:32'),
(291, 31, 379, '2014-11-11 14:07:32', '2014-11-11 14:07:32'),
(292, 31, 380, '2014-11-11 14:07:32', '2014-11-11 14:07:32'),
(293, 31, 381, '2014-11-11 14:07:32', '2014-11-11 14:07:32'),
(294, 31, 382, '2014-11-11 14:07:32', '2014-11-11 14:07:32'),
(295, 31, 383, '2014-11-11 14:07:32', '2014-11-11 14:07:32'),
(296, 31, 384, '2014-11-11 14:07:32', '2014-11-11 14:07:32'),
(297, 31, 385, '2014-11-11 14:07:32', '2014-11-11 14:07:32'),
(298, 31, 386, '2014-11-11 14:07:32', '2014-11-11 14:07:32'),
(299, 31, 387, '2014-11-11 14:07:32', '2014-11-11 14:07:32'),
(300, 31, 388, '2014-11-11 14:07:32', '2014-11-11 14:07:32'),
(301, 31, 389, '2014-11-11 14:07:32', '2014-11-11 14:07:32'),
(302, 31, 390, '2014-11-11 14:07:32', '2014-11-11 14:07:32'),
(303, 31, 391, '2014-11-11 14:07:32', '2014-11-11 14:07:32'),
(304, 31, 392, '2014-11-11 14:07:32', '2014-11-11 14:07:32'),
(305, 31, 393, '2014-11-11 14:07:32', '2014-11-11 14:07:32'),
(306, 31, 394, '2014-11-11 14:07:32', '2014-11-11 14:07:32'),
(307, 31, 395, '2014-11-11 14:07:32', '2014-11-11 14:07:32'),
(308, 31, 396, '2014-11-11 14:07:32', '2014-11-11 14:07:32'),
(309, 31, 397, '2014-11-11 14:07:32', '2014-11-11 14:07:32'),
(310, 31, 398, '2014-11-11 14:07:32', '2014-11-11 14:07:32'),
(311, 31, 399, '2014-11-11 14:07:32', '2014-11-11 14:07:32'),
(312, 31, 400, '2014-11-11 14:07:32', '2014-11-11 14:07:32'),
(313, 31, 401, '2014-11-11 14:07:32', '2014-11-11 14:07:32'),
(314, 31, 402, '2014-11-11 14:07:32', '2014-11-11 14:07:32'),
(315, 31, 403, '2014-11-11 14:07:32', '2014-11-11 14:07:32'),
(316, 31, 404, '2014-11-11 14:07:32', '2014-11-11 14:07:32'),
(317, 31, 405, '2014-11-11 14:07:32', '2014-11-11 14:07:32'),
(318, 31, 406, '2014-11-11 14:07:32', '2014-11-11 14:07:32'),
(319, 31, 407, '2014-11-11 14:07:32', '2014-11-11 14:07:32'),
(320, 31, 408, '2014-11-11 14:07:32', '2014-11-11 14:07:32'),
(321, 31, 409, '2014-11-11 14:07:32', '2014-11-11 14:07:32'),
(322, 31, 410, '2014-11-11 14:07:32', '2014-11-11 14:07:32'),
(323, 31, 411, '2014-11-11 14:07:32', '2014-11-11 14:07:32'),
(324, 31, 412, '2014-11-11 14:07:32', '2014-11-11 14:07:32'),
(325, 31, 413, '2014-11-11 14:07:32', '2014-11-11 14:07:32'),
(326, 31, 414, '2014-11-11 14:07:32', '2014-11-11 14:07:32'),
(327, 31, 415, '2014-11-11 14:07:32', '2014-11-11 14:07:32'),
(328, 31, 416, '2014-11-11 14:07:32', '2014-11-11 14:07:32'),
(329, 31, 417, '2014-11-11 14:07:32', '2014-11-11 14:07:32'),
(330, 31, 418, '2014-11-11 14:07:32', '2014-11-11 14:07:32'),
(331, 31, 419, '2014-11-11 14:07:32', '2014-11-11 14:07:32'),
(332, 31, 420, '2014-11-11 14:07:32', '2014-11-11 14:07:32'),
(333, 31, 421, '2014-11-11 14:07:32', '2014-11-11 14:07:32'),
(334, 31, 422, '2014-11-11 14:07:32', '2014-11-11 14:07:32'),
(335, 31, 423, '2014-11-11 14:07:32', '2014-11-11 14:07:32'),
(336, 31, 424, '2014-11-11 14:07:32', '2014-11-11 14:07:32'),
(337, 31, 425, '2014-11-11 14:07:32', '2014-11-11 14:07:32'),
(338, 31, 426, '2014-11-11 14:07:32', '2014-11-11 14:07:32'),
(339, 31, 427, '2014-11-11 14:07:32', '2014-11-11 14:07:32'),
(340, 31, 428, '2014-11-11 14:07:32', '2014-11-11 14:07:32'),
(341, 31, 429, '2014-11-11 14:07:32', '2014-11-11 14:07:32'),
(342, 31, 430, '2014-11-11 14:07:32', '2014-11-11 14:07:32'),
(343, 31, 431, '2014-11-11 14:07:32', '2014-11-11 14:07:32'),
(344, 31, 432, '2014-11-11 14:07:32', '2014-11-11 14:07:32'),
(345, 31, 433, '2014-11-11 14:07:32', '2014-11-11 14:07:32'),
(346, 31, 434, '2014-11-11 14:07:32', '2014-11-11 14:07:32'),
(347, 31, 435, '2014-11-11 14:07:32', '2014-11-11 14:07:32'),
(348, 31, 436, '2014-11-11 14:07:32', '2014-11-11 14:07:32'),
(349, 31, 437, '2014-11-11 14:07:32', '2014-11-11 14:07:32'),
(350, 31, 438, '2014-11-11 14:07:32', '2014-11-11 14:07:32'),
(351, 31, 439, '2014-11-11 14:07:32', '2014-11-11 14:07:32'),
(352, 31, 440, '2014-11-11 14:07:32', '2014-11-11 14:07:32'),
(353, 31, 441, '2014-11-11 14:07:32', '2014-11-11 14:07:32'),
(354, 31, 442, '2014-11-11 14:07:32', '2014-11-11 14:07:32'),
(355, 31, 443, '2014-11-11 14:07:32', '2014-11-11 14:07:32'),
(356, 31, 444, '2014-11-11 14:07:32', '2014-11-11 14:07:32'),
(357, 31, 445, '2014-11-11 14:07:32', '2014-11-11 14:07:32'),
(358, 31, 446, '2014-11-11 14:07:32', '2014-11-11 14:07:32'),
(359, 31, 447, '2014-11-11 14:07:32', '2014-11-11 14:07:32'),
(360, 31, 448, '2014-11-11 14:07:32', '2014-11-11 14:07:32'),
(361, 31, 449, '2014-11-11 14:07:32', '2014-11-11 14:07:32'),
(362, 31, 450, '2014-11-11 14:07:32', '2014-11-11 14:07:32'),
(363, 31, 451, '2014-11-11 14:07:32', '2014-11-11 14:07:32'),
(364, 31, 452, '2014-11-11 14:07:32', '2014-11-11 14:07:32'),
(365, 31, 453, '2014-11-11 14:07:32', '2014-11-11 14:07:32'),
(366, 31, 454, '2014-11-11 14:07:32', '2014-11-11 14:07:32'),
(367, 31, 455, '2014-11-11 14:07:32', '2014-11-11 14:07:32'),
(368, 31, 456, '2014-11-11 14:07:32', '2014-11-11 14:07:32'),
(369, 31, 457, '2014-11-11 14:07:32', '2014-11-11 14:07:32'),
(370, 31, 458, '2014-11-11 14:07:32', '2014-11-11 14:07:32'),
(371, 31, 459, '2014-11-11 14:07:32', '2014-11-11 14:07:32'),
(372, 31, 460, '2014-11-11 14:07:32', '2014-11-11 14:07:32'),
(373, 31, 461, '2014-11-11 14:07:32', '2014-11-11 14:07:32'),
(374, 31, 462, '2014-11-11 14:07:32', '2014-11-11 14:07:32'),
(375, 31, 463, '2014-11-11 14:07:32', '2014-11-11 14:07:32'),
(376, 31, 464, '2014-11-11 14:07:32', '2014-11-11 14:07:32'),
(377, 31, 465, '2014-11-11 14:07:32', '2014-11-11 14:07:32'),
(378, 31, 466, '2014-11-11 14:07:32', '2014-11-11 14:07:32'),
(379, 31, 467, '2014-11-11 14:07:32', '2014-11-11 14:07:32'),
(380, 31, 468, '2014-11-11 14:07:32', '2014-11-11 14:07:32'),
(381, 31, 469, '2014-11-11 14:07:32', '2014-11-11 14:07:32'),
(382, 31, 470, '2014-11-11 14:07:32', '2014-11-11 14:07:32'),
(383, 31, 471, '2014-11-11 14:07:32', '2014-11-11 14:07:32'),
(384, 31, 472, '2014-11-11 14:07:32', '2014-11-11 14:07:32'),
(385, 31, 473, '2014-11-11 14:07:32', '2014-11-11 14:07:32'),
(386, 31, 474, '2014-11-11 14:07:32', '2014-11-11 14:07:32'),
(387, 31, 475, '2014-11-11 14:07:32', '2014-11-11 14:07:32'),
(388, 31, 476, '2014-11-11 14:07:32', '2014-11-11 14:07:32'),
(389, 31, 477, '2014-11-11 14:07:32', '2014-11-11 14:07:32'),
(390, 31, 478, '2014-11-11 14:07:32', '2014-11-11 14:07:32'),
(391, 31, 479, '2014-11-11 14:07:32', '2014-11-11 14:07:32'),
(392, 31, 480, '2014-11-11 14:07:32', '2014-11-11 14:07:32'),
(393, 31, 481, '2014-11-11 14:07:32', '2014-11-11 14:07:32'),
(394, 31, 482, '2014-11-11 14:07:32', '2014-11-11 14:07:32'),
(395, 31, 483, '2014-11-11 14:07:32', '2014-11-11 14:07:32'),
(396, 31, 484, '2014-11-11 14:07:32', '2014-11-11 14:07:32'),
(397, 31, 485, '2014-11-11 14:07:32', '2014-11-11 14:07:32'),
(398, 31, 486, '2014-11-11 14:07:32', '2014-11-11 14:07:32'),
(399, 31, 487, '2014-11-11 14:07:32', '2014-11-11 14:07:32'),
(400, 31, 488, '2014-11-11 14:07:32', '2014-11-11 14:07:32'),
(401, 31, 489, '2014-11-11 14:07:32', '2014-11-11 14:07:32'),
(402, 31, 490, '2014-11-11 14:07:32', '2014-11-11 14:07:32'),
(403, 31, 491, '2014-11-11 14:07:32', '2014-11-11 14:07:32'),
(404, 31, 492, '2014-11-11 14:07:32', '2014-11-11 14:07:32'),
(405, 31, 493, '2014-11-11 14:07:32', '2014-11-11 14:07:32'),
(406, 31, 494, '2014-11-11 14:07:32', '2014-11-11 14:07:32'),
(407, 31, 495, '2014-11-11 14:07:32', '2014-11-11 14:07:32'),
(408, 31, 496, '2014-11-11 14:07:32', '2014-11-11 14:07:32'),
(409, 31, 497, '2014-11-11 14:07:32', '2014-11-11 14:07:32'),
(410, 31, 498, '2014-11-11 14:07:32', '2014-11-11 14:07:32'),
(411, 31, 499, '2014-11-11 14:07:32', '2014-11-11 14:07:32'),
(412, 31, 500, '2014-11-11 14:07:32', '2014-11-11 14:07:32'),
(413, 31, 501, '2014-11-11 14:07:32', '2014-11-11 14:07:32'),
(414, 31, 502, '2014-11-11 14:07:32', '2014-11-11 14:07:32'),
(415, 31, 503, '2014-11-11 14:07:32', '2014-11-11 14:07:32'),
(416, 31, 504, '2014-11-11 14:07:32', '2014-11-11 14:07:32'),
(417, 31, 505, '2014-11-11 14:07:32', '2014-11-11 14:07:32'),
(418, 31, 506, '2014-11-11 14:07:32', '2014-11-11 14:07:32'),
(419, 31, 507, '2014-11-11 14:07:32', '2014-11-11 14:07:32'),
(420, 31, 508, '2014-11-11 14:07:32', '2014-11-11 14:07:32'),
(421, 31, 509, '2014-11-11 14:07:32', '2014-11-11 14:07:32'),
(422, 31, 510, '2014-11-11 14:07:32', '2014-11-11 14:07:32'),
(423, 31, 511, '2014-11-11 14:07:32', '2014-11-11 14:07:32'),
(424, 31, 512, '2014-11-11 14:07:32', '2014-11-11 14:07:32'),
(425, 31, 513, '2014-11-11 14:07:32', '2014-11-11 14:07:32'),
(426, 31, 514, '2014-11-11 14:07:32', '2014-11-11 14:07:32'),
(427, 31, 515, '2014-11-11 14:07:32', '2014-11-11 14:07:32'),
(428, 31, 516, '2014-11-11 14:07:32', '2014-11-11 14:07:32'),
(429, 31, 517, '2014-11-11 14:07:32', '2014-11-11 14:07:32'),
(430, 31, 518, '2014-11-11 14:07:32', '2014-11-11 14:07:32'),
(431, 31, 519, '2014-11-11 14:07:32', '2014-11-11 14:07:32'),
(432, 31, 520, '2014-11-11 14:07:32', '2014-11-11 14:07:32'),
(433, 31, 521, '2014-11-11 14:07:32', '2014-11-11 14:07:32'),
(434, 31, 522, '2014-11-11 14:07:32', '2014-11-11 14:07:32'),
(435, 31, 523, '2014-11-11 14:07:32', '2014-11-11 14:07:32'),
(436, 31, 524, '2014-11-11 14:07:32', '2014-11-11 14:07:32'),
(437, 31, 525, '2014-11-11 14:07:32', '2014-11-11 14:07:32'),
(438, 31, 526, '2014-11-11 14:07:32', '2014-11-11 14:07:32'),
(439, 31, 527, '2014-11-11 14:07:32', '2014-11-11 14:07:32'),
(440, 31, 528, '2014-11-11 14:07:32', '2014-11-11 14:07:32'),
(441, 31, 529, '2014-11-11 14:07:32', '2014-11-11 14:07:32'),
(442, 31, 530, '2014-11-11 14:07:32', '2014-11-11 14:07:32'),
(443, 31, 531, '2014-11-11 14:07:32', '2014-11-11 14:07:32'),
(444, 31, 532, '2014-11-11 14:07:32', '2014-11-11 14:07:32'),
(445, 31, 533, '2014-11-11 14:07:32', '2014-11-11 14:07:32'),
(446, 31, 534, '2014-11-11 14:07:32', '2014-11-11 14:07:32'),
(447, 31, 535, '2014-11-11 14:07:32', '2014-11-11 14:07:32'),
(448, 31, 536, '2014-11-11 14:07:32', '2014-11-11 14:07:32'),
(449, 31, 537, '2014-11-11 14:07:32', '2014-11-11 14:07:32'),
(450, 31, 538, '2014-11-11 14:07:32', '2014-11-11 14:07:32'),
(451, 31, 539, '2014-11-11 14:07:32', '2014-11-11 14:07:32'),
(452, 31, 540, '2014-11-11 14:07:32', '2014-11-11 14:07:32'),
(453, 31, 541, '2014-11-11 14:07:32', '2014-11-11 14:07:32'),
(454, 31, 542, '2014-11-11 14:07:32', '2014-11-11 14:07:32'),
(455, 31, 543, '2014-11-11 14:07:32', '2014-11-11 14:07:32'),
(456, 31, 544, '2014-11-11 14:07:32', '2014-11-11 14:07:32'),
(457, 31, 545, '2014-11-11 14:07:32', '2014-11-11 14:07:32'),
(458, 31, 546, '2014-11-11 14:07:32', '2014-11-11 14:07:32'),
(459, 31, 547, '2014-11-11 14:07:32', '2014-11-11 14:07:32'),
(460, 31, 548, '2014-11-11 14:07:32', '2014-11-11 14:07:32'),
(461, 31, 549, '2014-11-11 14:07:32', '2014-11-11 14:07:32'),
(462, 31, 550, '2014-11-11 14:07:32', '2014-11-11 14:07:32'),
(463, 31, 551, '2014-11-11 14:07:32', '2014-11-11 14:07:32'),
(464, 31, 552, '2014-11-11 14:07:32', '2014-11-11 14:07:32'),
(465, 31, 553, '2014-11-11 14:07:32', '2014-11-11 14:07:32'),
(466, 31, 554, '2014-11-11 14:07:32', '2014-11-11 14:07:32'),
(467, 31, 555, '2014-11-11 14:07:32', '2014-11-11 14:07:32'),
(468, 31, 556, '2014-11-11 14:07:32', '2014-11-11 14:07:32'),
(469, 31, 557, '2014-11-11 14:07:32', '2014-11-11 14:07:32'),
(470, 31, 558, '2014-11-11 14:07:32', '2014-11-11 14:07:32'),
(471, 31, 559, '2014-11-11 14:07:32', '2014-11-11 14:07:32'),
(472, 31, 560, '2014-11-11 14:07:32', '2014-11-11 14:07:32'),
(473, 31, 561, '2014-11-11 14:07:32', '2014-11-11 14:07:32'),
(474, 31, 562, '2014-11-11 14:07:32', '2014-11-11 14:07:32'),
(475, 31, 563, '2014-11-11 14:07:32', '2014-11-11 14:07:32'),
(476, 31, 564, '2014-11-11 14:07:32', '2014-11-11 14:07:32'),
(477, 31, 565, '2014-11-11 14:07:32', '2014-11-11 14:07:32'),
(478, 31, 566, '2014-11-11 14:07:32', '2014-11-11 14:07:32'),
(479, 31, 567, '2014-11-11 14:07:32', '2014-11-11 14:07:32'),
(480, 31, 568, '2014-11-11 14:07:32', '2014-11-11 14:07:32'),
(481, 31, 569, '2014-11-11 14:07:32', '2014-11-11 14:07:32'),
(482, 31, 570, '2014-11-11 14:07:32', '2014-11-11 14:07:32'),
(483, 31, 571, '2014-11-11 14:07:32', '2014-11-11 14:07:32'),
(484, 31, 572, '2014-11-11 14:07:32', '2014-11-11 14:07:32'),
(485, 31, 573, '2014-11-11 14:07:32', '2014-11-11 14:07:32'),
(486, 31, 574, '2014-11-11 14:07:32', '2014-11-11 14:07:32'),
(487, 31, 575, '2014-11-11 14:07:32', '2014-11-11 14:07:32'),
(488, 31, 576, '2014-11-11 14:07:32', '2014-11-11 14:07:32'),
(489, 31, 577, '2014-11-11 14:07:32', '2014-11-11 14:07:32'),
(490, 31, 578, '2014-11-11 14:07:32', '2014-11-11 14:07:32'),
(491, 31, 579, '2014-11-11 14:07:32', '2014-11-11 14:07:32'),
(492, 31, 580, '2014-11-11 14:07:32', '2014-11-11 14:07:32'),
(493, 31, 581, '2014-11-11 14:07:32', '2014-11-11 14:07:32'),
(494, 31, 582, '2014-11-11 14:07:32', '2014-11-11 14:07:32'),
(495, 31, 583, '2014-11-11 14:07:32', '2014-11-11 14:07:32'),
(496, 31, 584, '2014-11-11 14:07:32', '2014-11-11 14:07:32'),
(497, 31, 585, '2014-11-11 14:07:32', '2014-11-11 14:07:32'),
(498, 31, 586, '2014-11-11 14:07:32', '2014-11-11 14:07:32'),
(499, 31, 587, '2014-11-11 14:07:32', '2014-11-11 14:07:32'),
(500, 31, 588, '2014-11-11 14:07:32', '2014-11-11 14:07:32'),
(501, 31, 589, '2014-11-11 14:07:32', '2014-11-11 14:07:32'),
(502, 31, 590, '2014-11-11 14:07:32', '2014-11-11 14:07:32'),
(503, 31, 591, '2014-11-11 14:07:32', '2014-11-11 14:07:32'),
(504, 31, 592, '2014-11-11 14:07:32', '2014-11-11 14:07:32'),
(505, 31, 593, '2014-11-11 14:07:32', '2014-11-11 14:07:32'),
(506, 31, 594, '2014-11-11 14:07:32', '2014-11-11 14:07:32'),
(507, 31, 595, '2014-11-11 14:07:32', '2014-11-11 14:07:32'),
(508, 31, 596, '2014-11-11 14:07:32', '2014-11-11 14:07:32'),
(509, 31, 597, '2014-11-11 14:07:32', '2014-11-11 14:07:32'),
(510, 31, 598, '2014-11-11 14:07:32', '2014-11-11 14:07:32'),
(511, 31, 599, '2014-11-11 14:07:32', '2014-11-11 14:07:32'),
(512, 31, 600, '2014-11-11 14:07:32', '2014-11-11 14:07:32'),
(513, 31, 601, '2014-11-11 14:07:32', '2014-11-11 14:07:32'),
(514, 31, 602, '2014-11-11 14:07:32', '2014-11-11 14:07:32'),
(515, 31, 603, '2014-11-11 14:07:32', '2014-11-11 14:07:32'),
(516, 31, 604, '2014-11-11 14:07:32', '2014-11-11 14:07:32'),
(517, 31, 605, '2014-11-11 14:07:32', '2014-11-11 14:07:32'),
(518, 31, 606, '2014-11-11 14:07:32', '2014-11-11 14:07:32'),
(519, 31, 607, '2014-11-11 14:07:32', '2014-11-11 14:07:32'),
(520, 31, 608, '2014-11-11 14:07:32', '2014-11-11 14:07:32'),
(521, 31, 609, '2014-11-11 14:07:32', '2014-11-11 14:07:32'),
(522, 31, 610, '2014-11-11 14:07:32', '2014-11-11 14:07:32'),
(523, 31, 611, '2014-11-11 14:07:32', '2014-11-11 14:07:32'),
(524, 31, 612, '2014-11-11 14:07:32', '2014-11-11 14:07:32'),
(525, 31, 613, '2014-11-11 14:07:32', '2014-11-11 14:07:32'),
(526, 31, 614, '2014-11-11 14:07:32', '2014-11-11 14:07:32'),
(527, 31, 615, '2014-11-11 14:07:32', '2014-11-11 14:07:32'),
(528, 31, 616, '2014-11-11 14:07:32', '2014-11-11 14:07:32'),
(529, 31, 617, '2014-11-11 14:07:32', '2014-11-11 14:07:32'),
(530, 31, 618, '2014-11-11 14:07:32', '2014-11-11 14:07:32'),
(531, 31, 619, '2014-11-11 14:07:32', '2014-11-11 14:07:32'),
(532, 31, 620, '2014-11-11 14:07:32', '2014-11-11 14:07:32'),
(533, 31, 621, '2014-11-11 14:07:32', '2014-11-11 14:07:32'),
(534, 31, 622, '2014-11-11 14:07:32', '2014-11-11 14:07:32'),
(535, 31, 624, '2014-11-11 14:07:32', '2014-11-11 14:07:32'),
(536, 31, 625, '2014-11-11 14:07:32', '2014-11-11 14:07:32'),
(537, 31, 626, '2014-11-11 14:07:32', '2014-11-11 14:07:32'),
(538, 31, 627, '2014-11-11 14:07:32', '2014-11-11 14:07:32'),
(539, 31, 628, '2014-11-11 14:07:32', '2014-11-11 14:07:32'),
(540, 31, 629, '2014-11-11 14:07:32', '2014-11-11 14:07:32'),
(541, 31, 630, '2014-11-11 14:07:32', '2014-11-11 14:07:32'),
(542, 31, 631, '2014-11-11 14:07:32', '2014-11-11 14:07:32'),
(543, 32, 361, '2014-11-11 14:07:48', '2014-11-11 14:07:48'),
(544, 32, 362, '2014-11-11 14:07:48', '2014-11-11 14:07:48'),
(545, 32, 363, '2014-11-11 14:07:48', '2014-11-11 14:07:48'),
(546, 32, 364, '2014-11-11 14:07:48', '2014-11-11 14:07:48'),
(547, 32, 365, '2014-11-11 14:07:48', '2014-11-11 14:07:48'),
(548, 32, 366, '2014-11-11 14:07:48', '2014-11-11 14:07:48'),
(549, 32, 367, '2014-11-11 14:07:48', '2014-11-11 14:07:48'),
(550, 32, 368, '2014-11-11 14:07:48', '2014-11-11 14:07:48'),
(551, 32, 369, '2014-11-11 14:07:48', '2014-11-11 14:07:48'),
(552, 32, 370, '2014-11-11 14:07:48', '2014-11-11 14:07:48'),
(553, 32, 371, '2014-11-11 14:07:48', '2014-11-11 14:07:48'),
(554, 32, 372, '2014-11-11 14:07:48', '2014-11-11 14:07:48'),
(555, 32, 373, '2014-11-11 14:07:48', '2014-11-11 14:07:48'),
(556, 32, 374, '2014-11-11 14:07:48', '2014-11-11 14:07:48'),
(557, 32, 375, '2014-11-11 14:07:48', '2014-11-11 14:07:48'),
(558, 32, 376, '2014-11-11 14:07:48', '2014-11-11 14:07:48'),
(559, 32, 377, '2014-11-11 14:07:48', '2014-11-11 14:07:48'),
(560, 32, 378, '2014-11-11 14:07:48', '2014-11-11 14:07:48'),
(561, 32, 379, '2014-11-11 14:07:48', '2014-11-11 14:07:48'),
(562, 32, 380, '2014-11-11 14:07:48', '2014-11-11 14:07:48'),
(563, 32, 381, '2014-11-11 14:07:48', '2014-11-11 14:07:48'),
(564, 32, 382, '2014-11-11 14:07:48', '2014-11-11 14:07:48'),
(565, 32, 383, '2014-11-11 14:07:48', '2014-11-11 14:07:48'),
(566, 32, 384, '2014-11-11 14:07:48', '2014-11-11 14:07:48'),
(567, 32, 385, '2014-11-11 14:07:48', '2014-11-11 14:07:48'),
(568, 32, 386, '2014-11-11 14:07:48', '2014-11-11 14:07:48'),
(569, 32, 387, '2014-11-11 14:07:48', '2014-11-11 14:07:48'),
(570, 32, 388, '2014-11-11 14:07:48', '2014-11-11 14:07:48'),
(571, 32, 389, '2014-11-11 14:07:48', '2014-11-11 14:07:48'),
(572, 32, 390, '2014-11-11 14:07:48', '2014-11-11 14:07:48'),
(573, 32, 391, '2014-11-11 14:07:48', '2014-11-11 14:07:48'),
(574, 32, 392, '2014-11-11 14:07:48', '2014-11-11 14:07:48'),
(575, 32, 393, '2014-11-11 14:07:48', '2014-11-11 14:07:48'),
(576, 32, 394, '2014-11-11 14:07:48', '2014-11-11 14:07:48'),
(577, 32, 395, '2014-11-11 14:07:48', '2014-11-11 14:07:48'),
(578, 32, 396, '2014-11-11 14:07:48', '2014-11-11 14:07:48'),
(579, 32, 397, '2014-11-11 14:07:48', '2014-11-11 14:07:48'),
(580, 32, 398, '2014-11-11 14:07:48', '2014-11-11 14:07:48'),
(581, 32, 399, '2014-11-11 14:07:48', '2014-11-11 14:07:48'),
(582, 32, 400, '2014-11-11 14:07:48', '2014-11-11 14:07:48'),
(583, 32, 401, '2014-11-11 14:07:48', '2014-11-11 14:07:48'),
(584, 32, 402, '2014-11-11 14:07:48', '2014-11-11 14:07:48'),
(585, 32, 403, '2014-11-11 14:07:48', '2014-11-11 14:07:48'),
(586, 32, 404, '2014-11-11 14:07:48', '2014-11-11 14:07:48'),
(587, 32, 405, '2014-11-11 14:07:48', '2014-11-11 14:07:48'),
(588, 32, 406, '2014-11-11 14:07:48', '2014-11-11 14:07:48'),
(589, 32, 407, '2014-11-11 14:07:48', '2014-11-11 14:07:48'),
(590, 32, 408, '2014-11-11 14:07:48', '2014-11-11 14:07:48'),
(591, 32, 409, '2014-11-11 14:07:48', '2014-11-11 14:07:48'),
(592, 32, 410, '2014-11-11 14:07:48', '2014-11-11 14:07:48'),
(593, 32, 411, '2014-11-11 14:07:48', '2014-11-11 14:07:48'),
(594, 32, 412, '2014-11-11 14:07:48', '2014-11-11 14:07:48'),
(595, 32, 413, '2014-11-11 14:07:48', '2014-11-11 14:07:48'),
(596, 32, 414, '2014-11-11 14:07:48', '2014-11-11 14:07:48'),
(597, 32, 415, '2014-11-11 14:07:48', '2014-11-11 14:07:48'),
(598, 32, 416, '2014-11-11 14:07:48', '2014-11-11 14:07:48'),
(599, 32, 417, '2014-11-11 14:07:48', '2014-11-11 14:07:48'),
(600, 32, 418, '2014-11-11 14:07:48', '2014-11-11 14:07:48'),
(601, 32, 419, '2014-11-11 14:07:48', '2014-11-11 14:07:48'),
(602, 32, 420, '2014-11-11 14:07:48', '2014-11-11 14:07:48'),
(603, 32, 421, '2014-11-11 14:07:48', '2014-11-11 14:07:48'),
(604, 32, 422, '2014-11-11 14:07:48', '2014-11-11 14:07:48'),
(605, 32, 423, '2014-11-11 14:07:48', '2014-11-11 14:07:48'),
(606, 32, 424, '2014-11-11 14:07:48', '2014-11-11 14:07:48'),
(607, 32, 425, '2014-11-11 14:07:48', '2014-11-11 14:07:48'),
(608, 32, 426, '2014-11-11 14:07:48', '2014-11-11 14:07:48'),
(609, 32, 427, '2014-11-11 14:07:48', '2014-11-11 14:07:48'),
(610, 32, 428, '2014-11-11 14:07:48', '2014-11-11 14:07:48'),
(611, 32, 429, '2014-11-11 14:07:48', '2014-11-11 14:07:48'),
(612, 32, 430, '2014-11-11 14:07:48', '2014-11-11 14:07:48'),
(613, 32, 431, '2014-11-11 14:07:48', '2014-11-11 14:07:48'),
(614, 32, 432, '2014-11-11 14:07:48', '2014-11-11 14:07:48'),
(615, 32, 433, '2014-11-11 14:07:48', '2014-11-11 14:07:48'),
(616, 32, 434, '2014-11-11 14:07:48', '2014-11-11 14:07:48'),
(617, 32, 435, '2014-11-11 14:07:48', '2014-11-11 14:07:48'),
(618, 32, 436, '2014-11-11 14:07:48', '2014-11-11 14:07:48'),
(619, 32, 437, '2014-11-11 14:07:48', '2014-11-11 14:07:48'),
(620, 32, 438, '2014-11-11 14:07:48', '2014-11-11 14:07:48'),
(621, 32, 439, '2014-11-11 14:07:48', '2014-11-11 14:07:48'),
(622, 32, 440, '2014-11-11 14:07:48', '2014-11-11 14:07:48'),
(623, 32, 441, '2014-11-11 14:07:48', '2014-11-11 14:07:48'),
(624, 32, 442, '2014-11-11 14:07:48', '2014-11-11 14:07:48'),
(625, 32, 443, '2014-11-11 14:07:48', '2014-11-11 14:07:48'),
(626, 32, 444, '2014-11-11 14:07:48', '2014-11-11 14:07:48'),
(627, 32, 445, '2014-11-11 14:07:48', '2014-11-11 14:07:48'),
(628, 32, 446, '2014-11-11 14:07:48', '2014-11-11 14:07:48'),
(629, 32, 447, '2014-11-11 14:07:48', '2014-11-11 14:07:48'),
(630, 32, 448, '2014-11-11 14:07:48', '2014-11-11 14:07:48'),
(631, 32, 449, '2014-11-11 14:07:48', '2014-11-11 14:07:48'),
(632, 32, 450, '2014-11-11 14:07:48', '2014-11-11 14:07:48'),
(633, 32, 451, '2014-11-11 14:07:48', '2014-11-11 14:07:48'),
(634, 32, 452, '2014-11-11 14:07:48', '2014-11-11 14:07:48'),
(635, 32, 453, '2014-11-11 14:07:48', '2014-11-11 14:07:48'),
(636, 32, 454, '2014-11-11 14:07:48', '2014-11-11 14:07:48'),
(637, 32, 455, '2014-11-11 14:07:48', '2014-11-11 14:07:48'),
(638, 32, 456, '2014-11-11 14:07:48', '2014-11-11 14:07:48'),
(639, 32, 457, '2014-11-11 14:07:48', '2014-11-11 14:07:48'),
(640, 32, 458, '2014-11-11 14:07:48', '2014-11-11 14:07:48'),
(641, 32, 459, '2014-11-11 14:07:48', '2014-11-11 14:07:48'),
(642, 32, 460, '2014-11-11 14:07:48', '2014-11-11 14:07:48'),
(643, 32, 461, '2014-11-11 14:07:48', '2014-11-11 14:07:48'),
(644, 32, 462, '2014-11-11 14:07:48', '2014-11-11 14:07:48'),
(645, 32, 463, '2014-11-11 14:07:48', '2014-11-11 14:07:48'),
(646, 32, 464, '2014-11-11 14:07:48', '2014-11-11 14:07:48'),
(647, 32, 465, '2014-11-11 14:07:48', '2014-11-11 14:07:48'),
(648, 32, 466, '2014-11-11 14:07:48', '2014-11-11 14:07:48'),
(649, 32, 467, '2014-11-11 14:07:48', '2014-11-11 14:07:48'),
(650, 32, 468, '2014-11-11 14:07:48', '2014-11-11 14:07:48'),
(651, 32, 469, '2014-11-11 14:07:48', '2014-11-11 14:07:48'),
(652, 32, 470, '2014-11-11 14:07:48', '2014-11-11 14:07:48'),
(653, 32, 471, '2014-11-11 14:07:48', '2014-11-11 14:07:48'),
(654, 32, 472, '2014-11-11 14:07:48', '2014-11-11 14:07:48'),
(655, 32, 473, '2014-11-11 14:07:48', '2014-11-11 14:07:48'),
(656, 32, 474, '2014-11-11 14:07:48', '2014-11-11 14:07:48'),
(657, 32, 475, '2014-11-11 14:07:48', '2014-11-11 14:07:48'),
(658, 32, 476, '2014-11-11 14:07:48', '2014-11-11 14:07:48'),
(659, 32, 477, '2014-11-11 14:07:48', '2014-11-11 14:07:48'),
(660, 32, 478, '2014-11-11 14:07:48', '2014-11-11 14:07:48'),
(661, 32, 479, '2014-11-11 14:07:48', '2014-11-11 14:07:48'),
(662, 32, 480, '2014-11-11 14:07:48', '2014-11-11 14:07:48'),
(663, 32, 481, '2014-11-11 14:07:48', '2014-11-11 14:07:48'),
(664, 32, 482, '2014-11-11 14:07:48', '2014-11-11 14:07:48'),
(665, 32, 483, '2014-11-11 14:07:48', '2014-11-11 14:07:48'),
(666, 32, 484, '2014-11-11 14:07:48', '2014-11-11 14:07:48'),
(667, 32, 485, '2014-11-11 14:07:48', '2014-11-11 14:07:48'),
(668, 32, 486, '2014-11-11 14:07:48', '2014-11-11 14:07:48'),
(669, 32, 487, '2014-11-11 14:07:48', '2014-11-11 14:07:48'),
(670, 32, 488, '2014-11-11 14:07:48', '2014-11-11 14:07:48'),
(671, 32, 489, '2014-11-11 14:07:48', '2014-11-11 14:07:48'),
(672, 32, 490, '2014-11-11 14:07:48', '2014-11-11 14:07:48'),
(673, 32, 491, '2014-11-11 14:07:48', '2014-11-11 14:07:48'),
(674, 32, 492, '2014-11-11 14:07:48', '2014-11-11 14:07:48'),
(675, 32, 493, '2014-11-11 14:07:48', '2014-11-11 14:07:48'),
(676, 32, 494, '2014-11-11 14:07:48', '2014-11-11 14:07:48'),
(677, 32, 495, '2014-11-11 14:07:48', '2014-11-11 14:07:48'),
(678, 32, 496, '2014-11-11 14:07:48', '2014-11-11 14:07:48'),
(679, 32, 497, '2014-11-11 14:07:48', '2014-11-11 14:07:48'),
(680, 32, 498, '2014-11-11 14:07:48', '2014-11-11 14:07:48'),
(681, 32, 499, '2014-11-11 14:07:48', '2014-11-11 14:07:48'),
(682, 32, 500, '2014-11-11 14:07:48', '2014-11-11 14:07:48'),
(683, 32, 501, '2014-11-11 14:07:48', '2014-11-11 14:07:48'),
(684, 32, 502, '2014-11-11 14:07:48', '2014-11-11 14:07:48'),
(685, 32, 503, '2014-11-11 14:07:48', '2014-11-11 14:07:48'),
(686, 32, 504, '2014-11-11 14:07:48', '2014-11-11 14:07:48'),
(687, 32, 505, '2014-11-11 14:07:48', '2014-11-11 14:07:48'),
(688, 32, 506, '2014-11-11 14:07:48', '2014-11-11 14:07:48'),
(689, 32, 507, '2014-11-11 14:07:48', '2014-11-11 14:07:48'),
(690, 32, 508, '2014-11-11 14:07:48', '2014-11-11 14:07:48'),
(691, 32, 509, '2014-11-11 14:07:48', '2014-11-11 14:07:48'),
(692, 32, 510, '2014-11-11 14:07:48', '2014-11-11 14:07:48'),
(693, 32, 511, '2014-11-11 14:07:48', '2014-11-11 14:07:48'),
(694, 32, 512, '2014-11-11 14:07:48', '2014-11-11 14:07:48'),
(695, 32, 513, '2014-11-11 14:07:48', '2014-11-11 14:07:48'),
(696, 32, 514, '2014-11-11 14:07:48', '2014-11-11 14:07:48'),
(697, 32, 515, '2014-11-11 14:07:48', '2014-11-11 14:07:48'),
(698, 32, 516, '2014-11-11 14:07:48', '2014-11-11 14:07:48'),
(699, 32, 517, '2014-11-11 14:07:48', '2014-11-11 14:07:48'),
(700, 32, 518, '2014-11-11 14:07:48', '2014-11-11 14:07:48'),
(701, 32, 519, '2014-11-11 14:07:48', '2014-11-11 14:07:48'),
(702, 32, 520, '2014-11-11 14:07:48', '2014-11-11 14:07:48'),
(703, 32, 521, '2014-11-11 14:07:48', '2014-11-11 14:07:48'),
(704, 32, 522, '2014-11-11 14:07:48', '2014-11-11 14:07:48'),
(705, 32, 523, '2014-11-11 14:07:48', '2014-11-11 14:07:48'),
(706, 32, 524, '2014-11-11 14:07:48', '2014-11-11 14:07:48'),
(707, 32, 525, '2014-11-11 14:07:48', '2014-11-11 14:07:48'),
(708, 32, 526, '2014-11-11 14:07:48', '2014-11-11 14:07:48'),
(709, 32, 527, '2014-11-11 14:07:48', '2014-11-11 14:07:48'),
(710, 32, 528, '2014-11-11 14:07:48', '2014-11-11 14:07:48'),
(711, 32, 529, '2014-11-11 14:07:48', '2014-11-11 14:07:48'),
(712, 32, 530, '2014-11-11 14:07:48', '2014-11-11 14:07:48'),
(713, 32, 531, '2014-11-11 14:07:48', '2014-11-11 14:07:48'),
(714, 32, 532, '2014-11-11 14:07:48', '2014-11-11 14:07:48'),
(715, 32, 533, '2014-11-11 14:07:48', '2014-11-11 14:07:48'),
(716, 32, 534, '2014-11-11 14:07:48', '2014-11-11 14:07:48'),
(717, 32, 535, '2014-11-11 14:07:48', '2014-11-11 14:07:48'),
(718, 32, 536, '2014-11-11 14:07:48', '2014-11-11 14:07:48'),
(719, 32, 537, '2014-11-11 14:07:48', '2014-11-11 14:07:48'),
(720, 32, 538, '2014-11-11 14:07:48', '2014-11-11 14:07:48'),
(721, 32, 539, '2014-11-11 14:07:48', '2014-11-11 14:07:48'),
(722, 32, 540, '2014-11-11 14:07:48', '2014-11-11 14:07:48'),
(723, 32, 541, '2014-11-11 14:07:48', '2014-11-11 14:07:48'),
(724, 32, 542, '2014-11-11 14:07:48', '2014-11-11 14:07:48'),
(725, 32, 543, '2014-11-11 14:07:48', '2014-11-11 14:07:48'),
(726, 32, 544, '2014-11-11 14:07:48', '2014-11-11 14:07:48'),
(727, 32, 545, '2014-11-11 14:07:48', '2014-11-11 14:07:48'),
(728, 32, 546, '2014-11-11 14:07:48', '2014-11-11 14:07:48'),
(729, 32, 547, '2014-11-11 14:07:48', '2014-11-11 14:07:48'),
(730, 32, 548, '2014-11-11 14:07:48', '2014-11-11 14:07:48'),
(731, 32, 549, '2014-11-11 14:07:48', '2014-11-11 14:07:48'),
(732, 32, 550, '2014-11-11 14:07:48', '2014-11-11 14:07:48'),
(733, 32, 551, '2014-11-11 14:07:48', '2014-11-11 14:07:48'),
(734, 32, 552, '2014-11-11 14:07:48', '2014-11-11 14:07:48'),
(735, 32, 553, '2014-11-11 14:07:48', '2014-11-11 14:07:48'),
(736, 32, 554, '2014-11-11 14:07:48', '2014-11-11 14:07:48'),
(737, 32, 555, '2014-11-11 14:07:48', '2014-11-11 14:07:48'),
(738, 32, 556, '2014-11-11 14:07:48', '2014-11-11 14:07:48'),
(739, 32, 557, '2014-11-11 14:07:48', '2014-11-11 14:07:48'),
(740, 32, 558, '2014-11-11 14:07:48', '2014-11-11 14:07:48'),
(741, 32, 559, '2014-11-11 14:07:48', '2014-11-11 14:07:48'),
(742, 32, 560, '2014-11-11 14:07:48', '2014-11-11 14:07:48'),
(743, 32, 561, '2014-11-11 14:07:48', '2014-11-11 14:07:48'),
(744, 32, 562, '2014-11-11 14:07:48', '2014-11-11 14:07:48'),
(745, 32, 563, '2014-11-11 14:07:48', '2014-11-11 14:07:48'),
(746, 32, 564, '2014-11-11 14:07:48', '2014-11-11 14:07:48'),
(747, 32, 565, '2014-11-11 14:07:48', '2014-11-11 14:07:48'),
(748, 32, 566, '2014-11-11 14:07:48', '2014-11-11 14:07:48'),
(749, 32, 567, '2014-11-11 14:07:48', '2014-11-11 14:07:48'),
(750, 32, 568, '2014-11-11 14:07:48', '2014-11-11 14:07:48'),
(751, 32, 569, '2014-11-11 14:07:48', '2014-11-11 14:07:48'),
(752, 32, 570, '2014-11-11 14:07:48', '2014-11-11 14:07:48'),
(753, 32, 571, '2014-11-11 14:07:48', '2014-11-11 14:07:48'),
(754, 32, 572, '2014-11-11 14:07:48', '2014-11-11 14:07:48'),
(755, 32, 573, '2014-11-11 14:07:48', '2014-11-11 14:07:48'),
(756, 32, 574, '2014-11-11 14:07:48', '2014-11-11 14:07:48'),
(757, 32, 575, '2014-11-11 14:07:48', '2014-11-11 14:07:48'),
(758, 32, 576, '2014-11-11 14:07:48', '2014-11-11 14:07:48'),
(759, 32, 577, '2014-11-11 14:07:48', '2014-11-11 14:07:48'),
(760, 32, 578, '2014-11-11 14:07:48', '2014-11-11 14:07:48'),
(761, 32, 579, '2014-11-11 14:07:48', '2014-11-11 14:07:48'),
(762, 32, 580, '2014-11-11 14:07:48', '2014-11-11 14:07:48'),
(763, 32, 581, '2014-11-11 14:07:48', '2014-11-11 14:07:48'),
(764, 32, 582, '2014-11-11 14:07:48', '2014-11-11 14:07:48'),
(765, 32, 583, '2014-11-11 14:07:48', '2014-11-11 14:07:48'),
(766, 32, 584, '2014-11-11 14:07:48', '2014-11-11 14:07:48'),
(767, 32, 585, '2014-11-11 14:07:48', '2014-11-11 14:07:48'),
(768, 32, 586, '2014-11-11 14:07:48', '2014-11-11 14:07:48'),
(769, 32, 587, '2014-11-11 14:07:48', '2014-11-11 14:07:48'),
(770, 32, 588, '2014-11-11 14:07:48', '2014-11-11 14:07:48'),
(771, 32, 589, '2014-11-11 14:07:48', '2014-11-11 14:07:48'),
(772, 32, 590, '2014-11-11 14:07:48', '2014-11-11 14:07:48'),
(773, 32, 591, '2014-11-11 14:07:48', '2014-11-11 14:07:48'),
(774, 32, 592, '2014-11-11 14:07:48', '2014-11-11 14:07:48'),
(775, 32, 593, '2014-11-11 14:07:48', '2014-11-11 14:07:48'),
(776, 32, 594, '2014-11-11 14:07:48', '2014-11-11 14:07:48'),
(777, 32, 595, '2014-11-11 14:07:48', '2014-11-11 14:07:48'),
(778, 32, 596, '2014-11-11 14:07:48', '2014-11-11 14:07:48'),
(779, 32, 597, '2014-11-11 14:07:48', '2014-11-11 14:07:48'),
(780, 32, 598, '2014-11-11 14:07:48', '2014-11-11 14:07:48'),
(781, 32, 599, '2014-11-11 14:07:48', '2014-11-11 14:07:48'),
(782, 32, 600, '2014-11-11 14:07:48', '2014-11-11 14:07:48'),
(783, 32, 601, '2014-11-11 14:07:48', '2014-11-11 14:07:48'),
(784, 32, 602, '2014-11-11 14:07:48', '2014-11-11 14:07:48'),
(785, 32, 603, '2014-11-11 14:07:48', '2014-11-11 14:07:48'),
(786, 32, 604, '2014-11-11 14:07:48', '2014-11-11 14:07:48'),
(787, 32, 605, '2014-11-11 14:07:48', '2014-11-11 14:07:48'),
(788, 32, 606, '2014-11-11 14:07:48', '2014-11-11 14:07:48'),
(789, 32, 607, '2014-11-11 14:07:48', '2014-11-11 14:07:48'),
(790, 32, 608, '2014-11-11 14:07:48', '2014-11-11 14:07:48'),
(791, 32, 609, '2014-11-11 14:07:48', '2014-11-11 14:07:48'),
(792, 32, 610, '2014-11-11 14:07:48', '2014-11-11 14:07:48'),
(793, 32, 611, '2014-11-11 14:07:48', '2014-11-11 14:07:48'),
(794, 32, 612, '2014-11-11 14:07:48', '2014-11-11 14:07:48'),
(795, 32, 613, '2014-11-11 14:07:48', '2014-11-11 14:07:48'),
(796, 32, 614, '2014-11-11 14:07:48', '2014-11-11 14:07:48'),
(797, 32, 615, '2014-11-11 14:07:48', '2014-11-11 14:07:48'),
(798, 32, 616, '2014-11-11 14:07:48', '2014-11-11 14:07:48'),
(799, 32, 617, '2014-11-11 14:07:48', '2014-11-11 14:07:48'),
(800, 32, 618, '2014-11-11 14:07:48', '2014-11-11 14:07:48'),
(801, 32, 619, '2014-11-11 14:07:48', '2014-11-11 14:07:48'),
(802, 32, 620, '2014-11-11 14:07:48', '2014-11-11 14:07:48'),
(803, 32, 621, '2014-11-11 14:07:48', '2014-11-11 14:07:48'),
(804, 32, 622, '2014-11-11 14:07:48', '2014-11-11 14:07:48'),
(805, 32, 624, '2014-11-11 14:07:48', '2014-11-11 14:07:48'),
(806, 32, 625, '2014-11-11 14:07:48', '2014-11-11 14:07:48'),
(807, 32, 626, '2014-11-11 14:07:48', '2014-11-11 14:07:48'),
(808, 32, 627, '2014-11-11 14:07:48', '2014-11-11 14:07:48'),
(809, 32, 628, '2014-11-11 14:07:48', '2014-11-11 14:07:48'),
(810, 32, 629, '2014-11-11 14:07:48', '2014-11-11 14:07:48'),
(811, 32, 630, '2014-11-11 14:07:48', '2014-11-11 14:07:48'),
(812, 32, 631, '2014-11-11 14:07:48', '2014-11-11 14:07:48'),
(813, 33, 361, '2014-11-11 14:08:34', '2014-11-11 14:08:34'),
(814, 33, 362, '2014-11-11 14:08:34', '2014-11-11 14:08:34'),
(815, 33, 363, '2014-11-11 14:08:34', '2014-11-11 14:08:34'),
(816, 33, 364, '2014-11-11 14:08:34', '2014-11-11 14:08:34'),
(817, 33, 365, '2014-11-11 14:08:34', '2014-11-11 14:08:34'),
(818, 33, 366, '2014-11-11 14:08:34', '2014-11-11 14:08:34'),
(819, 33, 367, '2014-11-11 14:08:34', '2014-11-11 14:08:34'),
(820, 33, 368, '2014-11-11 14:08:34', '2014-11-11 14:08:34'),
(821, 33, 369, '2014-11-11 14:08:34', '2014-11-11 14:08:34'),
(822, 33, 370, '2014-11-11 14:08:34', '2014-11-11 14:08:34'),
(823, 33, 371, '2014-11-11 14:08:34', '2014-11-11 14:08:34'),
(824, 33, 372, '2014-11-11 14:08:34', '2014-11-11 14:08:34'),
(825, 33, 373, '2014-11-11 14:08:34', '2014-11-11 14:08:34'),
(826, 33, 374, '2014-11-11 14:08:34', '2014-11-11 14:08:34'),
(827, 33, 375, '2014-11-11 14:08:34', '2014-11-11 14:08:34'),
(828, 33, 376, '2014-11-11 14:08:34', '2014-11-11 14:08:34'),
(829, 33, 377, '2014-11-11 14:08:34', '2014-11-11 14:08:34'),
(830, 33, 378, '2014-11-11 14:08:34', '2014-11-11 14:08:34'),
(831, 33, 379, '2014-11-11 14:08:34', '2014-11-11 14:08:34'),
(832, 33, 380, '2014-11-11 14:08:34', '2014-11-11 14:08:34'),
(833, 33, 381, '2014-11-11 14:08:34', '2014-11-11 14:08:34'),
(834, 33, 382, '2014-11-11 14:08:34', '2014-11-11 14:08:34'),
(835, 33, 383, '2014-11-11 14:08:34', '2014-11-11 14:08:34');
INSERT INTO `projectusers` (`id`, `project_id`, `user_id`, `created_at`, `updated_at`) VALUES
(836, 33, 384, '2014-11-11 14:08:34', '2014-11-11 14:08:34'),
(837, 33, 385, '2014-11-11 14:08:34', '2014-11-11 14:08:34'),
(838, 33, 386, '2014-11-11 14:08:34', '2014-11-11 14:08:34'),
(839, 33, 387, '2014-11-11 14:08:34', '2014-11-11 14:08:34'),
(840, 33, 388, '2014-11-11 14:08:34', '2014-11-11 14:08:34'),
(841, 33, 389, '2014-11-11 14:08:34', '2014-11-11 14:08:34'),
(842, 33, 390, '2014-11-11 14:08:34', '2014-11-11 14:08:34'),
(843, 33, 391, '2014-11-11 14:08:34', '2014-11-11 14:08:34'),
(844, 33, 392, '2014-11-11 14:08:34', '2014-11-11 14:08:34'),
(845, 33, 393, '2014-11-11 14:08:34', '2014-11-11 14:08:34'),
(846, 33, 394, '2014-11-11 14:08:34', '2014-11-11 14:08:34'),
(847, 33, 395, '2014-11-11 14:08:34', '2014-11-11 14:08:34'),
(848, 33, 396, '2014-11-11 14:08:34', '2014-11-11 14:08:34'),
(849, 33, 397, '2014-11-11 14:08:34', '2014-11-11 14:08:34'),
(850, 33, 398, '2014-11-11 14:08:34', '2014-11-11 14:08:34'),
(851, 33, 399, '2014-11-11 14:08:34', '2014-11-11 14:08:34'),
(852, 33, 400, '2014-11-11 14:08:34', '2014-11-11 14:08:34'),
(853, 33, 401, '2014-11-11 14:08:34', '2014-11-11 14:08:34'),
(854, 33, 402, '2014-11-11 14:08:34', '2014-11-11 14:08:34'),
(855, 33, 403, '2014-11-11 14:08:34', '2014-11-11 14:08:34'),
(856, 33, 404, '2014-11-11 14:08:34', '2014-11-11 14:08:34'),
(857, 33, 405, '2014-11-11 14:08:34', '2014-11-11 14:08:34'),
(858, 33, 406, '2014-11-11 14:08:34', '2014-11-11 14:08:34'),
(859, 33, 407, '2014-11-11 14:08:34', '2014-11-11 14:08:34'),
(860, 33, 408, '2014-11-11 14:08:34', '2014-11-11 14:08:34'),
(861, 33, 409, '2014-11-11 14:08:34', '2014-11-11 14:08:34'),
(862, 33, 410, '2014-11-11 14:08:34', '2014-11-11 14:08:34'),
(863, 33, 411, '2014-11-11 14:08:34', '2014-11-11 14:08:34'),
(864, 33, 412, '2014-11-11 14:08:34', '2014-11-11 14:08:34'),
(865, 33, 413, '2014-11-11 14:08:34', '2014-11-11 14:08:34'),
(866, 33, 414, '2014-11-11 14:08:34', '2014-11-11 14:08:34'),
(867, 33, 415, '2014-11-11 14:08:34', '2014-11-11 14:08:34'),
(868, 33, 416, '2014-11-11 14:08:34', '2014-11-11 14:08:34'),
(869, 33, 417, '2014-11-11 14:08:34', '2014-11-11 14:08:34'),
(870, 33, 418, '2014-11-11 14:08:34', '2014-11-11 14:08:34'),
(871, 33, 419, '2014-11-11 14:08:34', '2014-11-11 14:08:34'),
(872, 33, 420, '2014-11-11 14:08:34', '2014-11-11 14:08:34'),
(873, 33, 421, '2014-11-11 14:08:34', '2014-11-11 14:08:34'),
(874, 33, 422, '2014-11-11 14:08:34', '2014-11-11 14:08:34'),
(875, 33, 423, '2014-11-11 14:08:34', '2014-11-11 14:08:34'),
(876, 33, 424, '2014-11-11 14:08:34', '2014-11-11 14:08:34'),
(877, 33, 425, '2014-11-11 14:08:34', '2014-11-11 14:08:34'),
(878, 33, 426, '2014-11-11 14:08:34', '2014-11-11 14:08:34'),
(879, 33, 427, '2014-11-11 14:08:34', '2014-11-11 14:08:34'),
(880, 33, 428, '2014-11-11 14:08:34', '2014-11-11 14:08:34'),
(881, 33, 429, '2014-11-11 14:08:34', '2014-11-11 14:08:34'),
(882, 33, 430, '2014-11-11 14:08:34', '2014-11-11 14:08:34'),
(883, 33, 431, '2014-11-11 14:08:34', '2014-11-11 14:08:34'),
(884, 33, 432, '2014-11-11 14:08:34', '2014-11-11 14:08:34'),
(885, 33, 433, '2014-11-11 14:08:34', '2014-11-11 14:08:34'),
(886, 33, 434, '2014-11-11 14:08:34', '2014-11-11 14:08:34'),
(887, 33, 435, '2014-11-11 14:08:34', '2014-11-11 14:08:34'),
(888, 33, 436, '2014-11-11 14:08:34', '2014-11-11 14:08:34'),
(889, 33, 437, '2014-11-11 14:08:34', '2014-11-11 14:08:34'),
(890, 33, 438, '2014-11-11 14:08:34', '2014-11-11 14:08:34'),
(891, 33, 439, '2014-11-11 14:08:34', '2014-11-11 14:08:34'),
(892, 33, 440, '2014-11-11 14:08:34', '2014-11-11 14:08:34'),
(893, 33, 441, '2014-11-11 14:08:34', '2014-11-11 14:08:34'),
(894, 33, 442, '2014-11-11 14:08:34', '2014-11-11 14:08:34'),
(895, 33, 443, '2014-11-11 14:08:34', '2014-11-11 14:08:34'),
(896, 33, 444, '2014-11-11 14:08:34', '2014-11-11 14:08:34'),
(897, 33, 445, '2014-11-11 14:08:34', '2014-11-11 14:08:34'),
(898, 33, 446, '2014-11-11 14:08:34', '2014-11-11 14:08:34'),
(899, 33, 447, '2014-11-11 14:08:34', '2014-11-11 14:08:34'),
(900, 33, 448, '2014-11-11 14:08:34', '2014-11-11 14:08:34'),
(901, 33, 449, '2014-11-11 14:08:34', '2014-11-11 14:08:34'),
(902, 33, 450, '2014-11-11 14:08:34', '2014-11-11 14:08:34'),
(903, 33, 451, '2014-11-11 14:08:34', '2014-11-11 14:08:34'),
(904, 33, 452, '2014-11-11 14:08:34', '2014-11-11 14:08:34'),
(905, 33, 453, '2014-11-11 14:08:34', '2014-11-11 14:08:34'),
(906, 33, 454, '2014-11-11 14:08:34', '2014-11-11 14:08:34'),
(907, 33, 455, '2014-11-11 14:08:34', '2014-11-11 14:08:34'),
(908, 33, 456, '2014-11-11 14:08:34', '2014-11-11 14:08:34'),
(909, 33, 457, '2014-11-11 14:08:34', '2014-11-11 14:08:34'),
(910, 33, 458, '2014-11-11 14:08:34', '2014-11-11 14:08:34'),
(911, 33, 459, '2014-11-11 14:08:34', '2014-11-11 14:08:34'),
(912, 33, 460, '2014-11-11 14:08:34', '2014-11-11 14:08:34'),
(913, 33, 461, '2014-11-11 14:08:34', '2014-11-11 14:08:34'),
(914, 33, 462, '2014-11-11 14:08:34', '2014-11-11 14:08:34'),
(915, 33, 463, '2014-11-11 14:08:34', '2014-11-11 14:08:34'),
(916, 33, 464, '2014-11-11 14:08:34', '2014-11-11 14:08:34'),
(917, 33, 465, '2014-11-11 14:08:34', '2014-11-11 14:08:34'),
(918, 33, 466, '2014-11-11 14:08:34', '2014-11-11 14:08:34'),
(919, 33, 467, '2014-11-11 14:08:34', '2014-11-11 14:08:34'),
(920, 33, 468, '2014-11-11 14:08:34', '2014-11-11 14:08:34'),
(921, 33, 469, '2014-11-11 14:08:34', '2014-11-11 14:08:34'),
(922, 33, 470, '2014-11-11 14:08:34', '2014-11-11 14:08:34'),
(923, 33, 471, '2014-11-11 14:08:34', '2014-11-11 14:08:34'),
(924, 33, 472, '2014-11-11 14:08:34', '2014-11-11 14:08:34'),
(925, 33, 473, '2014-11-11 14:08:34', '2014-11-11 14:08:34'),
(926, 33, 474, '2014-11-11 14:08:34', '2014-11-11 14:08:34'),
(927, 33, 475, '2014-11-11 14:08:34', '2014-11-11 14:08:34'),
(928, 33, 476, '2014-11-11 14:08:34', '2014-11-11 14:08:34'),
(929, 33, 477, '2014-11-11 14:08:34', '2014-11-11 14:08:34'),
(930, 33, 478, '2014-11-11 14:08:34', '2014-11-11 14:08:34'),
(931, 33, 479, '2014-11-11 14:08:34', '2014-11-11 14:08:34'),
(932, 33, 480, '2014-11-11 14:08:34', '2014-11-11 14:08:34'),
(933, 33, 481, '2014-11-11 14:08:34', '2014-11-11 14:08:34'),
(934, 33, 482, '2014-11-11 14:08:34', '2014-11-11 14:08:34'),
(935, 33, 483, '2014-11-11 14:08:34', '2014-11-11 14:08:34'),
(936, 33, 484, '2014-11-11 14:08:34', '2014-11-11 14:08:34'),
(937, 33, 485, '2014-11-11 14:08:34', '2014-11-11 14:08:34'),
(938, 33, 486, '2014-11-11 14:08:34', '2014-11-11 14:08:34'),
(939, 33, 487, '2014-11-11 14:08:34', '2014-11-11 14:08:34'),
(940, 33, 488, '2014-11-11 14:08:34', '2014-11-11 14:08:34'),
(941, 33, 489, '2014-11-11 14:08:34', '2014-11-11 14:08:34'),
(942, 33, 490, '2014-11-11 14:08:34', '2014-11-11 14:08:34'),
(943, 33, 491, '2014-11-11 14:08:34', '2014-11-11 14:08:34'),
(944, 33, 492, '2014-11-11 14:08:34', '2014-11-11 14:08:34'),
(945, 33, 493, '2014-11-11 14:08:34', '2014-11-11 14:08:34'),
(946, 33, 494, '2014-11-11 14:08:34', '2014-11-11 14:08:34'),
(947, 33, 495, '2014-11-11 14:08:34', '2014-11-11 14:08:34'),
(948, 33, 496, '2014-11-11 14:08:34', '2014-11-11 14:08:34'),
(949, 33, 497, '2014-11-11 14:08:34', '2014-11-11 14:08:34'),
(950, 33, 498, '2014-11-11 14:08:34', '2014-11-11 14:08:34'),
(951, 33, 499, '2014-11-11 14:08:34', '2014-11-11 14:08:34'),
(952, 33, 500, '2014-11-11 14:08:34', '2014-11-11 14:08:34'),
(953, 33, 501, '2014-11-11 14:08:34', '2014-11-11 14:08:34'),
(954, 33, 502, '2014-11-11 14:08:34', '2014-11-11 14:08:34'),
(955, 33, 503, '2014-11-11 14:08:34', '2014-11-11 14:08:34'),
(956, 33, 504, '2014-11-11 14:08:34', '2014-11-11 14:08:34'),
(957, 33, 505, '2014-11-11 14:08:34', '2014-11-11 14:08:34'),
(958, 33, 506, '2014-11-11 14:08:34', '2014-11-11 14:08:34'),
(959, 33, 507, '2014-11-11 14:08:34', '2014-11-11 14:08:34'),
(960, 33, 508, '2014-11-11 14:08:34', '2014-11-11 14:08:34'),
(961, 33, 509, '2014-11-11 14:08:34', '2014-11-11 14:08:34'),
(962, 33, 510, '2014-11-11 14:08:34', '2014-11-11 14:08:34'),
(963, 33, 511, '2014-11-11 14:08:34', '2014-11-11 14:08:34'),
(964, 33, 512, '2014-11-11 14:08:34', '2014-11-11 14:08:34'),
(965, 33, 513, '2014-11-11 14:08:34', '2014-11-11 14:08:34'),
(966, 33, 514, '2014-11-11 14:08:34', '2014-11-11 14:08:34'),
(967, 33, 515, '2014-11-11 14:08:34', '2014-11-11 14:08:34'),
(968, 33, 516, '2014-11-11 14:08:34', '2014-11-11 14:08:34'),
(969, 33, 517, '2014-11-11 14:08:34', '2014-11-11 14:08:34'),
(970, 33, 518, '2014-11-11 14:08:34', '2014-11-11 14:08:34'),
(971, 33, 519, '2014-11-11 14:08:34', '2014-11-11 14:08:34'),
(972, 33, 520, '2014-11-11 14:08:34', '2014-11-11 14:08:34'),
(973, 33, 521, '2014-11-11 14:08:34', '2014-11-11 14:08:34'),
(974, 33, 522, '2014-11-11 14:08:34', '2014-11-11 14:08:34'),
(975, 33, 523, '2014-11-11 14:08:34', '2014-11-11 14:08:34'),
(976, 33, 524, '2014-11-11 14:08:34', '2014-11-11 14:08:34'),
(977, 33, 525, '2014-11-11 14:08:34', '2014-11-11 14:08:34'),
(978, 33, 526, '2014-11-11 14:08:34', '2014-11-11 14:08:34'),
(979, 33, 527, '2014-11-11 14:08:34', '2014-11-11 14:08:34'),
(980, 33, 528, '2014-11-11 14:08:34', '2014-11-11 14:08:34'),
(981, 33, 529, '2014-11-11 14:08:34', '2014-11-11 14:08:34'),
(982, 33, 530, '2014-11-11 14:08:34', '2014-11-11 14:08:34'),
(983, 33, 531, '2014-11-11 14:08:34', '2014-11-11 14:08:34'),
(984, 33, 532, '2014-11-11 14:08:34', '2014-11-11 14:08:34'),
(985, 33, 533, '2014-11-11 14:08:34', '2014-11-11 14:08:34'),
(986, 33, 534, '2014-11-11 14:08:34', '2014-11-11 14:08:34'),
(987, 33, 535, '2014-11-11 14:08:34', '2014-11-11 14:08:34'),
(988, 33, 536, '2014-11-11 14:08:34', '2014-11-11 14:08:34'),
(989, 33, 537, '2014-11-11 14:08:34', '2014-11-11 14:08:34'),
(990, 33, 538, '2014-11-11 14:08:34', '2014-11-11 14:08:34'),
(991, 33, 539, '2014-11-11 14:08:34', '2014-11-11 14:08:34'),
(992, 33, 540, '2014-11-11 14:08:34', '2014-11-11 14:08:34'),
(993, 33, 541, '2014-11-11 14:08:34', '2014-11-11 14:08:34'),
(994, 33, 542, '2014-11-11 14:08:34', '2014-11-11 14:08:34'),
(995, 33, 543, '2014-11-11 14:08:34', '2014-11-11 14:08:34'),
(996, 33, 544, '2014-11-11 14:08:34', '2014-11-11 14:08:34'),
(997, 33, 545, '2014-11-11 14:08:34', '2014-11-11 14:08:34'),
(998, 33, 546, '2014-11-11 14:08:34', '2014-11-11 14:08:34'),
(999, 33, 547, '2014-11-11 14:08:34', '2014-11-11 14:08:34'),
(1000, 33, 548, '2014-11-11 14:08:34', '2014-11-11 14:08:34'),
(1001, 33, 549, '2014-11-11 14:08:34', '2014-11-11 14:08:34'),
(1002, 33, 550, '2014-11-11 14:08:34', '2014-11-11 14:08:34'),
(1003, 33, 551, '2014-11-11 14:08:34', '2014-11-11 14:08:34'),
(1004, 33, 552, '2014-11-11 14:08:34', '2014-11-11 14:08:34'),
(1005, 33, 553, '2014-11-11 14:08:34', '2014-11-11 14:08:34'),
(1006, 33, 554, '2014-11-11 14:08:34', '2014-11-11 14:08:34'),
(1007, 33, 555, '2014-11-11 14:08:34', '2014-11-11 14:08:34'),
(1008, 33, 556, '2014-11-11 14:08:34', '2014-11-11 14:08:34'),
(1009, 33, 557, '2014-11-11 14:08:34', '2014-11-11 14:08:34'),
(1010, 33, 558, '2014-11-11 14:08:34', '2014-11-11 14:08:34'),
(1011, 33, 559, '2014-11-11 14:08:34', '2014-11-11 14:08:34'),
(1012, 33, 560, '2014-11-11 14:08:34', '2014-11-11 14:08:34'),
(1013, 33, 561, '2014-11-11 14:08:34', '2014-11-11 14:08:34'),
(1014, 33, 562, '2014-11-11 14:08:34', '2014-11-11 14:08:34'),
(1015, 33, 563, '2014-11-11 14:08:34', '2014-11-11 14:08:34'),
(1016, 33, 564, '2014-11-11 14:08:34', '2014-11-11 14:08:34'),
(1017, 33, 565, '2014-11-11 14:08:34', '2014-11-11 14:08:34'),
(1018, 33, 566, '2014-11-11 14:08:34', '2014-11-11 14:08:34'),
(1019, 33, 567, '2014-11-11 14:08:34', '2014-11-11 14:08:34'),
(1020, 33, 568, '2014-11-11 14:08:34', '2014-11-11 14:08:34'),
(1021, 33, 569, '2014-11-11 14:08:34', '2014-11-11 14:08:34'),
(1022, 33, 570, '2014-11-11 14:08:34', '2014-11-11 14:08:34'),
(1023, 33, 571, '2014-11-11 14:08:34', '2014-11-11 14:08:34'),
(1024, 33, 572, '2014-11-11 14:08:34', '2014-11-11 14:08:34'),
(1025, 33, 573, '2014-11-11 14:08:34', '2014-11-11 14:08:34'),
(1026, 33, 574, '2014-11-11 14:08:34', '2014-11-11 14:08:34'),
(1027, 33, 575, '2014-11-11 14:08:34', '2014-11-11 14:08:34'),
(1028, 33, 576, '2014-11-11 14:08:34', '2014-11-11 14:08:34'),
(1029, 33, 577, '2014-11-11 14:08:34', '2014-11-11 14:08:34'),
(1030, 33, 578, '2014-11-11 14:08:34', '2014-11-11 14:08:34'),
(1031, 33, 579, '2014-11-11 14:08:34', '2014-11-11 14:08:34'),
(1032, 33, 580, '2014-11-11 14:08:34', '2014-11-11 14:08:34'),
(1033, 33, 581, '2014-11-11 14:08:34', '2014-11-11 14:08:34'),
(1034, 33, 582, '2014-11-11 14:08:34', '2014-11-11 14:08:34'),
(1035, 33, 583, '2014-11-11 14:08:34', '2014-11-11 14:08:34'),
(1036, 33, 584, '2014-11-11 14:08:34', '2014-11-11 14:08:34'),
(1037, 33, 585, '2014-11-11 14:08:34', '2014-11-11 14:08:34'),
(1038, 33, 586, '2014-11-11 14:08:34', '2014-11-11 14:08:34'),
(1039, 33, 587, '2014-11-11 14:08:34', '2014-11-11 14:08:34'),
(1040, 33, 588, '2014-11-11 14:08:34', '2014-11-11 14:08:34'),
(1041, 33, 589, '2014-11-11 14:08:34', '2014-11-11 14:08:34'),
(1042, 33, 590, '2014-11-11 14:08:34', '2014-11-11 14:08:34'),
(1043, 33, 591, '2014-11-11 14:08:34', '2014-11-11 14:08:34'),
(1044, 33, 592, '2014-11-11 14:08:34', '2014-11-11 14:08:34'),
(1045, 33, 593, '2014-11-11 14:08:34', '2014-11-11 14:08:34'),
(1046, 33, 594, '2014-11-11 14:08:34', '2014-11-11 14:08:34'),
(1047, 33, 595, '2014-11-11 14:08:34', '2014-11-11 14:08:34'),
(1048, 33, 596, '2014-11-11 14:08:34', '2014-11-11 14:08:34'),
(1049, 33, 597, '2014-11-11 14:08:34', '2014-11-11 14:08:34'),
(1050, 33, 598, '2014-11-11 14:08:34', '2014-11-11 14:08:34'),
(1051, 33, 599, '2014-11-11 14:08:34', '2014-11-11 14:08:34'),
(1052, 33, 600, '2014-11-11 14:08:34', '2014-11-11 14:08:34'),
(1053, 33, 601, '2014-11-11 14:08:34', '2014-11-11 14:08:34'),
(1054, 33, 602, '2014-11-11 14:08:34', '2014-11-11 14:08:34'),
(1055, 33, 603, '2014-11-11 14:08:34', '2014-11-11 14:08:34'),
(1056, 33, 604, '2014-11-11 14:08:34', '2014-11-11 14:08:34'),
(1057, 33, 605, '2014-11-11 14:08:34', '2014-11-11 14:08:34'),
(1058, 33, 606, '2014-11-11 14:08:34', '2014-11-11 14:08:34'),
(1059, 33, 607, '2014-11-11 14:08:34', '2014-11-11 14:08:34'),
(1060, 33, 608, '2014-11-11 14:08:34', '2014-11-11 14:08:34'),
(1061, 33, 609, '2014-11-11 14:08:34', '2014-11-11 14:08:34'),
(1062, 33, 610, '2014-11-11 14:08:34', '2014-11-11 14:08:34'),
(1063, 33, 611, '2014-11-11 14:08:34', '2014-11-11 14:08:34'),
(1064, 33, 612, '2014-11-11 14:08:34', '2014-11-11 14:08:34'),
(1065, 33, 613, '2014-11-11 14:08:34', '2014-11-11 14:08:34'),
(1066, 33, 614, '2014-11-11 14:08:34', '2014-11-11 14:08:34'),
(1067, 33, 615, '2014-11-11 14:08:34', '2014-11-11 14:08:34'),
(1068, 33, 616, '2014-11-11 14:08:34', '2014-11-11 14:08:34'),
(1069, 33, 617, '2014-11-11 14:08:34', '2014-11-11 14:08:34'),
(1070, 33, 618, '2014-11-11 14:08:34', '2014-11-11 14:08:34'),
(1071, 33, 619, '2014-11-11 14:08:34', '2014-11-11 14:08:34'),
(1072, 33, 620, '2014-11-11 14:08:34', '2014-11-11 14:08:34'),
(1073, 33, 621, '2014-11-11 14:08:34', '2014-11-11 14:08:34'),
(1074, 33, 622, '2014-11-11 14:08:34', '2014-11-11 14:08:34'),
(1075, 33, 624, '2014-11-11 14:08:34', '2014-11-11 14:08:34'),
(1076, 33, 625, '2014-11-11 14:08:34', '2014-11-11 14:08:34'),
(1077, 33, 626, '2014-11-11 14:08:34', '2014-11-11 14:08:34'),
(1078, 33, 627, '2014-11-11 14:08:34', '2014-11-11 14:08:34'),
(1079, 33, 628, '2014-11-11 14:08:34', '2014-11-11 14:08:34'),
(1080, 33, 629, '2014-11-11 14:08:34', '2014-11-11 14:08:34'),
(1081, 33, 630, '2014-11-11 14:08:34', '2014-11-11 14:08:34'),
(1082, 33, 631, '2014-11-11 14:08:34', '2014-11-11 14:08:34');

-- --------------------------------------------------------

--
-- Table structure for table `ROLE_DEPARTMENT`
--

CREATE TABLE IF NOT EXISTS `ROLE_DEPARTMENT` (
  `ID` int(11) NOT NULL AUTO_INCREMENT,
  `ROLE` varchar(200) NOT NULL,
  `DEPARTMENT` varchar(200) NOT NULL,
  PRIMARY KEY (`ID`)
) ENGINE=InnoDB DEFAULT CHARSET=latin1 AUTO_INCREMENT=1 ;

-- --------------------------------------------------------

--
-- Table structure for table `ROLE_ID`
--

CREATE TABLE IF NOT EXISTS `ROLE_ID` (
  `ID` int(11) NOT NULL AUTO_INCREMENT,
  `ROLE` varchar(200) NOT NULL,
  PRIMARY KEY (`ID`)
) ENGINE=InnoDB DEFAULT CHARSET=latin1 AUTO_INCREMENT=1 ;

-- --------------------------------------------------------

--
-- Table structure for table `schema_migrations`
--

CREATE TABLE IF NOT EXISTS `schema_migrations` (
  `version` varchar(255) NOT NULL,
  UNIQUE KEY `unique_schema_migrations` (`version`)
) ENGINE=InnoDB DEFAULT CHARSET=latin1;

--
-- Dumping data for table `schema_migrations`
--

INSERT INTO `schema_migrations` (`version`) VALUES
('20140923041519'),
('20140926084816'),
('20140929040229'),
('20140929071159'),
('20141009042148');

-- --------------------------------------------------------

--
-- Table structure for table `users`
--

CREATE TABLE IF NOT EXISTS `users` (
  `id` int(11) NOT NULL AUTO_INCREMENT,
  `username` varchar(255) NOT NULL,
  `firstname` varchar(255) DEFAULT NULL,
  `lastname` varchar(255) DEFAULT NULL,
  `email` varchar(255) DEFAULT NULL,
  `created_at` datetime DEFAULT NULL,
  `updated_at` datetime DEFAULT NULL,
  PRIMARY KEY (`id`),
  UNIQUE KEY `index_users_on_username` (`username`)
) ENGINE=InnoDB  DEFAULT CHARSET=latin1 AUTO_INCREMENT=632 ;

--
-- Dumping data for table `users`
--

INSERT INTO `users` (`id`, `username`, `firstname`, `lastname`, `email`, `created_at`, `updated_at`) VALUES
(361, 'admin', 'OG', 'Admin', 's.hossain@samsung.com', '0000-00-00 00:00:00', '2014-10-15 11:34:47'),
(362, 'sohel.islam', 'Mohammad Shahidul Islam', '', 'sohel.islam@samsung.com', '0000-00-00 00:00:00', '2014-10-15 04:57:38'),
(363, 'naqib.h', 'Md. Naqib Imtiaz Hussain', '', 'naqib.h@samsung.com', '0000-00-00 00:00:00', '2014-10-14 04:51:46'),
(364, 'wahid.rahman', 'Wahidur Rahman', '', 'wahid.rahman@samsung.com', '0000-00-00 00:00:00', '2014-10-14 04:52:01'),
(365, 'tarek.mizan', 'Tarek Ibne Mizan', '', 'tarek.mizan@samsung.com', '0000-00-00 00:00:00', '2014-10-14 04:52:14'),
(366, 'inam.ahmed', 'Inam Ahmed', '', 'inam.ahmed@samsung.com', '0000-00-00 00:00:00', '2014-10-14 04:52:25'),
(367, 'devashish.ch', 'Devashish Choudhury', '', 'devashish.ch@samsung.com', '0000-00-00 00:00:00', '2014-10-14 04:52:37'),
(368, 'mahfuzur.r', 'Mahfuzur Rahman', '', 'mahfuzur.r@samsung.com', '0000-00-00 00:00:00', '2014-10-14 04:52:48'),
(369, 'ayub.khan', 'Mohammad Ayub Khan', '', 'ayub.khan@samsung.com', '0000-00-00 00:00:00', '2014-10-14 04:53:00'),
(370, 'meraj.molla', 'Mohammad Merajul Islam Molla', '', 'meraj.molla@samsung.com', '0000-00-00 00:00:00', '2014-10-14 04:53:15'),
(371, 'abdullah.md', 'Muhammad Abdullah-Al-Baki', '', 'abdullah.md@samsung.com', '0000-00-00 00:00:00', '2014-10-14 04:53:43'),
(372, 'nizam.khan', 'Nizam Khan', '', 'nizam.khan@samsung.com', '0000-00-00 00:00:00', '2014-10-14 04:53:55'),
(373, 'razib.ahmed', 'Razib Ahmed', '', 'razib.ahmed@samsung.com', '0000-00-00 00:00:00', '2014-10-14 04:54:10'),
(374, 'e.naim', 'Abu Naim Mohammad Emrajul Islam', '', 'e.naim@samsung.com', '0000-00-00 00:00:00', '2014-10-15 04:20:13'),
(375, 'anis.rubel', 'Anisuzzaman Rubel', '', 'anis.rubel@samsung.com', '0000-00-00 00:00:00', '2014-10-14 04:54:27'),
(376, 'farrukh.a', 'Farrukh Ahmad', '', 'farrukh.a@samsung.com', '0000-00-00 00:00:00', '2014-10-14 04:54:38'),
(377, 'j.nandy', 'Jewel Nandy', '', 'j.nandy@samsung.com', '0000-00-00 00:00:00', '2014-10-14 04:54:52'),
(378, 'zamil.mahmud', 'Mahmud Iftekhar Zamil', '', 'zamil.mahmud@samsung.com', '0000-00-00 00:00:00', '2014-10-14 04:55:11'),
(379, 'ma.zaman', 'Mohammad Arifuzzaman', '', 'ma.zaman@samsung.com', '0000-00-00 00:00:00', '2014-10-14 04:55:29'),
(380, 'kamrul.hasan', 'Mohammad Kamrul Hasan', '', 'kamrul.hasan@samsung.com', '0000-00-00 00:00:00', '2014-10-14 04:55:45'),
(381, 'm.zaman', 'Mohammad Moniruzzaman', '', 'm.zaman@samsung.com', '0000-00-00 00:00:00', '2014-10-14 04:56:00'),
(382, 'md.basir', 'Muhammad Basir-Ul-Leon', '', 'md.basir@samsung.com', '0000-00-00 00:00:00', '2014-10-14 04:56:12'),
(383, 'asyf.mahbub', 'Muntasim Munim', '', 'asyf.mahbub@samsung.com', '0000-00-00 00:00:00', '2014-10-14 04:56:28'),
(384, 'iftekhar.sm', 'S.M. Iftekharul Amin', '', 'iftekhar.sm@samsung.com', '0000-00-00 00:00:00', '0000-00-00 00:00:00'),
(385, 'zahida.by', 'Zahida Binta Yusuf', '', 'zahida.by@samsung.com', '0000-00-00 00:00:00', '0000-00-00 00:00:00'),
(386, 'sm.khan', 'Abu Sayed Mohammad Khan-E-Alam', '', 'sm.khan@samsung.com', '0000-00-00 00:00:00', '0000-00-00 00:00:00'),
(387, 'shohel.asad', 'Md. Asaduzzaman', '', 'shohel.asad@samsung.com', '0000-00-00 00:00:00', '0000-00-00 00:00:00'),
(388, 'didarul.a', 'Md. Didarul Alam Chowdhury', '', 'didarul.alam@samsung.com', '0000-00-00 00:00:00', '0000-00-00 00:00:00'),
(389, 'ef.razi', 'Md. Elme Focruzzaman Razi', '', 'ef.razi@samsung.com', '0000-00-00 00:00:00', '0000-00-00 00:00:00'),
(390, 'md.enamul', 'Md. Enamul Huq Sarker', '', 'md.enamul@samsung.com', '0000-00-00 00:00:00', '0000-00-00 00:00:00'),
(391, 'shihab.a', 'Md. Shihabuddin Alraji', '', 'shihab.a@samsung.com', '0000-00-00 00:00:00', '0000-00-00 00:00:00'),
(392, 'ms.billah', 'Meer Sadeq Billah', '', 'ms.billah@samsung.com', '0000-00-00 00:00:00', '0000-00-00 00:00:00'),
(393, 'saniat.r', 'Mohammed Saniat Rasel', '', 'saniat.r@samsung.com', '0000-00-00 00:00:00', '0000-00-00 00:00:00'),
(394, 'redwan.h', 'Redwanul Haq Choyon', '', 'redwan.h@samsung.com', '0000-00-00 00:00:00', '0000-00-00 00:00:00'),
(395, 's.omar', 'S. M. Omar Sharif', '', 's.omar@samsung.com', '0000-00-00 00:00:00', '0000-00-00 00:00:00'),
(396, 'samsad.i', 'Samsad Ul Islam', '', 'samsad.i@samsung.com', '0000-00-00 00:00:00', '0000-00-00 00:00:00'),
(397, 'a.monsur', 'Abdullah-Al- Monsur', '', 'a.monsur@samsung.com', '0000-00-00 00:00:00', '0000-00-00 00:00:00'),
(398, 'arup.sarker', 'Arup Kumar Sarker', '', 'arup.sarker@samsung.com', '0000-00-00 00:00:00', '0000-00-00 00:00:00'),
(399, 'ashraf.bd', 'Ashrafur Rahman', '', 'ashraf.bd@samsung.com', '0000-00-00 00:00:00', '0000-00-00 00:00:00'),
(400, 'badal.biswas', 'Badal Biswas', '', 'badal.biswas@samsung.com', '0000-00-00 00:00:00', '0000-00-00 00:00:00'),
(401, 'khatib.fahad', 'Md. Khatib Al Fahad', '', 'khatib.fahad@samsung.com', '0000-00-00 00:00:00', '0000-00-00 00:00:00'),
(402, 'mazhar.i', 'Md. Mazharul Islam Khan', '', 'mazhar.i@samsung.com', '0000-00-00 00:00:00', '0000-00-00 00:00:00'),
(403, 'omar.faruque', 'Md. Omar Faruque', '', 'omar.faruque@samsung.com', '0000-00-00 00:00:00', '0000-00-00 00:00:00'),
(404, 'medhad.ai', 'Medhad Ashraf Islam', '', 'medhad.ai@samsung.com', '0000-00-00 00:00:00', '0000-00-00 00:00:00'),
(405, 'mm.rahman', 'Muhammad Mushfiqur Rahman', '', 'mm.rahman@samsung.com', '0000-00-00 00:00:00', '0000-00-00 00:00:00'),
(406, 'saniyah.i', 'Saniyah Islam', '', 'saniyah.i@samsung.com', '0000-00-00 00:00:00', '0000-00-00 00:00:00'),
(407, 'sayeed.a', 'Sayeed Ahmed', '', 'sayeed.a@samsung.com', '0000-00-00 00:00:00', '0000-00-00 00:00:00'),
(408, 'selim.mahmud', 'Selim Mahmud', '', 'selim.mahmud@samsung.com', '0000-00-00 00:00:00', '0000-00-00 00:00:00'),
(409, 's.arbi', 'Shahida Arbi', '', 's.arbi@samsung.com', '0000-00-00 00:00:00', '0000-00-00 00:00:00'),
(410, 'barna.ghosh', 'Subarna Ghosh', '', 'barna.ghosh@samsung.com', '0000-00-00 00:00:00', '0000-00-00 00:00:00'),
(411, 'utpal.das', 'Utpal Das', '', 'utpal.das@samsung.com', '0000-00-00 00:00:00', '0000-00-00 00:00:00'),
(412, 'ataul.kibria', 'A. F. M. Ataul Kibria', '', 'ataul.kibria@samsung.com', '0000-00-00 00:00:00', '0000-00-00 00:00:00'),
(413, 'a.yasmin', 'Afroza Yasmin', '', 'a.yasmin@samsung.com', '0000-00-00 00:00:00', '0000-00-00 00:00:00'),
(414, 'nirab.nn', 'Amdadul Haque', '', 'nirab.nn@samsung.com', '0000-00-00 00:00:00', '0000-00-00 00:00:00'),
(415, 'arif.hasan', 'Arif Hasan Khan', '', 'arif.hasan@samsung.com', '0000-00-00 00:00:00', '0000-00-00 00:00:00'),
(416, 'dipa.saha', 'Dipa Saha', '', 'dipa.saha@samsung.com', '0000-00-00 00:00:00', '0000-00-00 00:00:00'),
(417, 'farhana.mou', 'Farhana Islam Mou', '', 'farhana.mou@samsung.com', '0000-00-00 00:00:00', '0000-00-00 00:00:00'),
(418, 'hafiz.r', 'Md. Hafijur Rahaman', '', 'hafiz.r@samsung.com', '0000-00-00 00:00:00', '0000-00-00 00:00:00'),
(419, 'md.hossain', 'Md. Hossain', '', 'md.hossain@samsung.com', '0000-00-00 00:00:00', '0000-00-00 00:00:00'),
(420, 'mahmudur.r', 'Md. Mahamudur Rahaman', '', 'mahmudur.r@samsung.com', '0000-00-00 00:00:00', '0000-00-00 00:00:00'),
(421, 'mmh.riyad', 'Md. Mahbubul Huq', '', 'mmh.riyad@samsung.com', '0000-00-00 00:00:00', '0000-00-00 00:00:00'),
(422, 'mon.ruet', 'Md. Monirul Islam', '', 'mon.ruet@samsung.com', '0000-00-00 00:00:00', '0000-00-00 00:00:00'),
(423, 'rezaul.karim', 'Md. Rezaul Karim', '', 'rezaul.karim@samsung.com', '0000-00-00 00:00:00', '0000-00-00 00:00:00'),
(424, 's.siddique', 'Md. Sarwar Siddique', '', 's.siddique@samsung.com', '0000-00-00 00:00:00', '0000-00-00 00:00:00'),
(425, 'm.ashraf', 'Muhammad Ashraf-Ul Asad', '', 'm.ashraf@samsung.com', '0000-00-00 00:00:00', '0000-00-00 00:00:00'),
(426, 'nirjhar.b', 'Nirjhar Bhattacharjee', '', 'nirjhar.b@samsung.com', '0000-00-00 00:00:00', '0000-00-00 00:00:00'),
(427, 'm.asish', 'Sarker Monojit Asish', '', 'm.asish@samsung.com', '0000-00-00 00:00:00', '0000-00-00 00:00:00'),
(428, 'takvir.h', 'Takvir Hossain Tusher', '', 'takvir.h@samsung.com', '0000-00-00 00:00:00', '0000-00-00 00:00:00'),
(429, 'nizam.ahmed', 'Nizam Uddin Ahmed', '', 'nizam.ahmed@samsung.com', '0000-00-00 00:00:00', '0000-00-00 00:00:00'),
(430, 'roy.deeba', 'Deeba Roy', '', 'roy.deeba@samsung.com', '0000-00-00 00:00:00', '0000-00-00 00:00:00'),
(431, 'r.karim', 'Mohamed Riazul Karim', '', 'r.karim@samsung.com', '0000-00-00 00:00:00', '0000-00-00 00:00:00'),
(432, 'robiul.hasan', 'A.H.M. Robiul Hasan', '', 'robiul.hasan@samsung.com', '0000-00-00 00:00:00', '0000-00-00 00:00:00'),
(433, 'sayem.chy', 'A.S.M. Sayem Chowdhury', '', 'sayem.chy@samsung.com', '0000-00-00 00:00:00', '0000-00-00 00:00:00'),
(434, 'ilius.faisal', 'Abu Ilius Faisal', '', 'ilius.faisal@samsung.com', '0000-00-00 00:00:00', '0000-00-00 00:00:00'),
(435, 'amit.mondal', 'Amit Kumar Mondal', '', 'amit.mondal@samsung.com', '0000-00-00 00:00:00', '0000-00-00 00:00:00'),
(436, 'amit.sa', 'Amit Saha', '', 'amit.sa@samsung.com', '0000-00-00 00:00:00', '0000-00-00 00:00:00'),
(437, 'an.sarker', 'Aneendya Sarker', '', 'an.sarker@samsung.com', '0000-00-00 00:00:00', '0000-00-00 00:00:00'),
(438, 'ashis.c', 'Ashis Chakraborty', '', 'ashis.c@samsung.com', '0000-00-00 00:00:00', '0000-00-00 00:00:00'),
(439, 'b.sajal', 'Baig Sajal Rahman', '', 'b.sajal@samsung.com', '0000-00-00 00:00:00', '0000-00-00 00:00:00'),
(440, 'dil.afroz', 'Dil Afroz Farzana', '', 'dil.afroz@samsung.com', '0000-00-00 00:00:00', '0000-00-00 00:00:00'),
(441, 'emon.cse', 'Emon Biswas', '', 'emon.cse@samsung.com', '0000-00-00 00:00:00', '0000-00-00 00:00:00'),
(442, 'ferdousi.kc', 'Ferdousi Khanam Chowdhury', '', 'ferdousi.kc@samsung.com', '0000-00-00 00:00:00', '0000-00-00 00:00:00'),
(443, 'ibrahim.soe', 'Ibrahim Hossain', '', 'ibrahim.soe@samsung.com', '0000-00-00 00:00:00', '0000-00-00 00:00:00'),
(444, 'jainal.uddin', 'Jainal Uddin', '', 'jainal.uddin@samsung.com', '0000-00-00 00:00:00', '0000-00-00 00:00:00'),
(445, 'kabir.hs', 'Kabir Hossain', '', 'kabir.hs@samsung.com', '0000-00-00 00:00:00', '0000-00-00 00:00:00'),
(446, 'mh.himel', 'Mashqur Habib Himel', '', 'mh.himel@samsung.com', '0000-00-00 00:00:00', '0000-00-00 00:00:00'),
(447, 'ali.hossain', 'Md. Ali Hossain', '', 'ali.hossain@samsung.com', '0000-00-00 00:00:00', '0000-00-00 00:00:00'),
(448, 'aminul.islam', 'Md. Aminul Islam', '', 'aminul.islam@samsung.com', '0000-00-00 00:00:00', '0000-00-00 00:00:00'),
(449, 'arafat.s', 'Md. Arafat Sardar', '', 'arafat.s@samsung.com', '0000-00-00 00:00:00', '0000-00-00 00:00:00'),
(450, 'bahar.u', 'Md. Bahar Uddin', '', 'bahar.u@samsung.com', '0000-00-00 00:00:00', '0000-00-00 00:00:00'),
(451, 'fazla.rabbi', 'Md. Fazla Rabbi Opu', '', 'fazla.rabbi@samsung.com', '0000-00-00 00:00:00', '0000-00-00 00:00:00'),
(452, 'jobed.h', 'Md. Jobed Hossain', '', 'jobed.h@samsung.com', '0000-00-00 00:00:00', '0000-00-00 00:00:00'),
(453, 'm.hoque', 'Md. Munirul Hoque', '', 'm.hoque@samsung.com', '0000-00-00 00:00:00', '2014-10-15 11:40:26'),
(454, 'r.khan', 'Md. Rokib Khan', '', 'r.khan@samsung.com', '0000-00-00 00:00:00', '0000-00-00 00:00:00'),
(455, 'saif.bd', 'Md. Saifuddin', '', 'saif.bd@samsung.com', '0000-00-00 00:00:00', '0000-00-00 00:00:00'),
(456, 'hissain.sk', 'Md. Sazzad Hissain Khan', '', 'hissain.sk@samsung.com', '0000-00-00 00:00:00', '0000-00-00 00:00:00'),
(457, 'sadi.shihab', 'Md. Shihabuddin Sadi', '', 'sadi.shihab@samsung.com', '0000-00-00 00:00:00', '0000-00-00 00:00:00'),
(458, 'mobarak.ai', 'Mobarakol Islam', '', 'mobarak.ai@samsung.com', '0000-00-00 00:00:00', '0000-00-00 00:00:00'),
(459, 'a.kadir', 'Mohammad Akramul Kadir', '', 'a.kadir@samsung.com', '0000-00-00 00:00:00', '0000-00-00 00:00:00'),
(460, 'sujan.du', 'Mohammad Sujan Miah', '', 'sujan.du@samsung.com', '0000-00-00 00:00:00', '0000-00-00 00:00:00'),
(461, 'm.rakib', 'Mohammed Rakib Uddin', '', 'm.rakib@samsung.com', '0000-00-00 00:00:00', '0000-00-00 00:00:00'),
(462, 'm.rakeeb', 'Muhammad Rakeeb', '', 'm.rakeeb@samsung.com', '0000-00-00 00:00:00', '0000-00-00 00:00:00'),
(463, 's.saidur', 'Muhammad Saidur Rahman', '', 's.saidur@samsung.com', '0000-00-00 00:00:00', '0000-00-00 00:00:00'),
(464, 'm.sakibur', 'Muhammad Sakibur Rahman', '', 'm.sakibur@samsung.com', '0000-00-00 00:00:00', '0000-00-00 00:00:00'),
(465, 'naj.nahar', 'Najmun Nahar', '', 'naj.nahar@samsung.com', '0000-00-00 00:00:00', '0000-00-00 00:00:00'),
(466, 'pr.saha', 'Prosenjit Saha', '', 'pr.saha@samsung.com', '0000-00-00 00:00:00', '0000-00-00 00:00:00'),
(467, 'ratul.alahy', 'Qudrat-E-Alahy Ratul', '', 'ratul.alahy@samsung.com', '0000-00-00 00:00:00', '0000-00-00 00:00:00'),
(468, 'rhaad.mr', 'Rhaad Muasir Rabbani', '', 'rhaad.mr@samsung.com', '0000-00-00 00:00:00', '0000-00-00 00:00:00'),
(469, 'rj.jahan', 'Roushan Jahan', '', 'rj.jahan@samsung.com', '0000-00-00 00:00:00', '0000-00-00 00:00:00'),
(470, 'sagar.du', 'Sagar Mukherjee', '', 'sagar.du@samsung.com', '0000-00-00 00:00:00', '0000-00-00 00:00:00'),
(471, 'mamunar.sw', 'Shaikh Md. Mamunar Rashid', '', 'mamunar.sw@samsung.com', '0000-00-00 00:00:00', '0000-00-00 00:00:00'),
(472, 'sim.rf', 'Sifat Ibne Mushfique', '', 'sim.rf@samsung.com', '0000-00-00 00:00:00', '0000-00-00 00:00:00'),
(473, 'sina.ahmed', 'Sina Ibne Ahmed', '', 'sina.ahmed@samsung.com', '0000-00-00 00:00:00', '0000-00-00 00:00:00'),
(474, 'ao.siraj', 'Abdullah Omar Siraj', '', 'ao.siraj@samsung.com', '0000-00-00 00:00:00', '0000-00-00 00:00:00'),
(475, 'ar.khan', 'Abdur Rahman Khan', '', 'ar.khan@samsung.com', '0000-00-00 00:00:00', '0000-00-00 00:00:00'),
(476, 'ahmad.asif', 'Ahmed Asif Al Rashid Saud', '', 'ahmad.asif@samsung.com', '0000-00-00 00:00:00', '0000-00-00 00:00:00'),
(477, 'amatus.samiu', 'Amatus Samiu Binte Awal', '', 'amatus.samiu@samsung.com', '0000-00-00 00:00:00', '0000-00-00 00:00:00'),
(478, 'a.zabin', 'Ananya Zabin', '', 'a.zabin@samsung.com', '0000-00-00 00:00:00', '0000-00-00 00:00:00'),
(479, 'anika.mc', 'Anika Mehpara Choudhury', '', 'anika.mc@samsung.com', '0000-00-00 00:00:00', '0000-00-00 00:00:00'),
(480, 'apurba.kumar', 'Apurba Kumar Das', '', 'apurba.kumar@samsung.com', '0000-00-00 00:00:00', '0000-00-00 00:00:00'),
(481, 'bisnu.saha', 'Bisnu Saha', '', 'bisnu.saha@samsung.com', '0000-00-00 00:00:00', '0000-00-00 00:00:00'),
(482, 'simon.mr', 'D. M. Hasibul Hasan', '', 'simon.mr@samsung.com', '0000-00-00 00:00:00', '0000-00-00 00:00:00'),
(483, 'farzana.s', 'Farzana Sharmin Farah', '', 'farzana.s@samsung.com', '0000-00-00 00:00:00', '0000-00-00 00:00:00'),
(484, 'ferdous.a', 'Ferdous Ahamed', '', 'ferdous.a@samsung.com', '0000-00-00 00:00:00', '0000-00-00 00:00:00'),
(485, 'remon.bd', 'Iftekhar Ibney Gias Remon', '', 'remon.bd@samsung.com', '0000-00-00 00:00:00', '0000-00-00 00:00:00'),
(486, 'j.ahsan', 'Junaid Bin Ahsan', '', 'j.ahsan@samsung.com', '0000-00-00 00:00:00', '0000-00-00 00:00:00'),
(487, 'kadir.ahmed', 'Kadir Uddin Ahmed', '', 'kadir.ahmed@samsung.com', '0000-00-00 00:00:00', '0000-00-00 00:00:00'),
(488, 'manira.s', 'Manira Akhter', '', 'manira.s@samsung.com', '0000-00-00 00:00:00', '0000-00-00 00:00:00'),
(489, 'anwar.parvez', 'Md. Anwar Parvez', '', 'anwar.parvez@samsung.com', '0000-00-00 00:00:00', '0000-00-00 00:00:00'),
(490, 'dhrubo.ma', 'Md. Asaduzzaman', '', 'dhrubo.ma@samsung.com', '0000-00-00 00:00:00', '0000-00-00 00:00:00'),
(491, 'erfan.h', 'Md. Erfan Hossain', '', 'erfan.h@samsung.com', '0000-00-00 00:00:00', '0000-00-00 00:00:00'),
(492, 'jubayar.h', 'Md. Jubayar Hosan', '', 'jubayar.h@samsung.com', '0000-00-00 00:00:00', '0000-00-00 00:00:00'),
(493, 'jahid.bashar', 'Md. Khairul Bashar', '', 'jahid.bashar@samsung.com', '0000-00-00 00:00:00', '0000-00-00 00:00:00'),
(494, 'm.jony', 'Md. Manjurul Hoque Jony', '', 'm.jony@samsung.com', '0000-00-00 00:00:00', '0000-00-00 00:00:00'),
(495, 'arshed.naved', 'Md. Mobasshir Arshed', '', 'arshed.naved@samsung.com', '0000-00-00 00:00:00', '0000-00-00 00:00:00'),
(496, 'mmd.shamsul', 'Md. Shamsul Arifin Mozumder', '', 'mmd.shamsul@samsung.com', '0000-00-00 00:00:00', '0000-00-00 00:00:00'),
(497, 'zahid.polin', 'Md. Zahid Hasan Polin', '', 'zahid.polin@samsung.com', '0000-00-00 00:00:00', '0000-00-00 00:00:00'),
(498, 'zobaer.islam', 'Md. Zobaer Islam', '', 'zobaer.islam@samsung.com', '0000-00-00 00:00:00', '0000-00-00 00:00:00'),
(499, 'nur.nobi', 'Mohammad Nur Nobi', '', 'nur.nobi@samsung.com', '0000-00-00 00:00:00', '0000-00-00 00:00:00'),
(500, 'md.rakib', 'Mohammad Rakib', '', 'md.rakib@samsung.com', '0000-00-00 00:00:00', '0000-00-00 00:00:00'),
(501, 'm.zakaria', 'Mohammad Zakaria Sarker', '', 'm.zakaria@samsung.com', '0000-00-00 00:00:00', '0000-00-00 00:00:00'),
(502, 'n.sony', 'Nasit Sarwar Sony', '', 'n.sony@samsung.com', '0000-00-00 00:00:00', '0000-00-00 00:00:00'),
(503, 'nasrin.s', 'Nasrin Sultana', '', 'nasrin.s@samsung.com', '0000-00-00 00:00:00', '0000-00-00 00:00:00'),
(504, 'nus.tarin', 'Nusrat Jahan Tarin', '', 'nus.tarin@samsung.com', '0000-00-00 00:00:00', '0000-00-00 00:00:00'),
(505, 'prodip.sam', 'Prodip Biswas', '', 'prodip.sam@samsung.com', '0000-00-00 00:00:00', '0000-00-00 00:00:00'),
(506, 'r.mahmud', 'Raqib Mahmud', '', 'r.mahmud@samsung.com', '0000-00-00 00:00:00', '0000-00-00 00:00:00'),
(507, 'rz.hasan', 'Reazul Hasan Russel', '', 'rz.hasan@samsung.com', '0000-00-00 00:00:00', '0000-00-00 00:00:00'),
(508, 's.shamma', 'Sadia Shamma', '', 's.shamma@samsung.com', '0000-00-00 00:00:00', '0000-00-00 00:00:00'),
(509, 's.parveen', 'Sajeda Parveen', '', 's.parveen@samsung.com', '0000-00-00 00:00:00', '0000-00-00 00:00:00'),
(510, 'sz.yamani', 'Saeed Zaki Yamani', '', 'sz.yamani@samsung.com', '0000-00-00 00:00:00', '0000-00-00 00:00:00'),
(511, 'ayon.sse', 'Sarder Shafiqur Rahman', '', 'ayon.sse@samsung.com', '0000-00-00 00:00:00', '0000-00-00 00:00:00'),
(512, 'sa.hoque', 'Sayed Anisul Hoque', '', 'sa.hoque@samsung.com', '0000-00-00 00:00:00', '0000-00-00 00:00:00'),
(513, 'salah.uddin', 'Sayed Salah Uddin', '', 'salah.uddin@samsung.com', '0000-00-00 00:00:00', '0000-00-00 00:00:00'),
(514, 'shaolin.z', 'Shaolin Zaman', '', 'shaolin.z@samsung.com', '0000-00-00 00:00:00', '0000-00-00 00:00:00'),
(515, 's.islam', 'Shariful Islam', '', 's.islam@samsung.com', '0000-00-00 00:00:00', '0000-00-00 00:00:00'),
(516, 'synthia.is', 'Synthia Islam', '', 'synthia.is@samsung.com', '0000-00-00 00:00:00', '0000-00-00 00:00:00'),
(517, 'tanvir.h', 'Tanvir Hussain', '', 'tanvir.h@samsung.com', '0000-00-00 00:00:00', '0000-00-00 00:00:00'),
(518, 'tanzi.cse', 'Tanzia Haque Tanzi', '', 'tanzi.cse@samsung.com', '0000-00-00 00:00:00', '0000-00-00 00:00:00'),
(519, 'zakia.a', 'Zakia Afroze Abedin', '', 'zakia.a@samsung.com', '0000-00-00 00:00:00', '0000-00-00 00:00:00'),
(520, 'mr.islam', 'Mohd. Nurul Islam', '', 'mr.islam@samsung.com', '0000-00-00 00:00:00', '0000-00-00 00:00:00'),
(521, 'a.mahmmad', 'Ahmed Mohmmad Ullah', '', 'a.mahmmad@samsung.com', '0000-00-00 00:00:00', '0000-00-00 00:00:00'),
(522, 'anamika.pr', 'Anamika Paul Rupa', '', 'anamika.pr@samsung.com', '0000-00-00 00:00:00', '0000-00-00 00:00:00'),
(523, 'ashna.a', 'Ashna Ahmed', '', 'ashna.a@samsung.com', '0000-00-00 00:00:00', '0000-00-00 00:00:00'),
(524, 'durjay.c', 'Durjay Chowdhury', '', 'durjay.c@samsung.com', '0000-00-00 00:00:00', '0000-00-00 00:00:00'),
(525, 'kh.mustakim', 'Khandaker Mustakimur Rahman', '', 'kh.mustakim@samsung.com', '0000-00-00 00:00:00', '0000-00-00 00:00:00'),
(526, 'ar.mondol', 'Md. Ashaduzzaman Rubel Mondol', '', 'ar.mondol@samsung.com', '0000-00-00 00:00:00', '0000-00-00 00:00:00'),
(527, 'maz.islam', 'Md. Azizul Islam', '', 'maz.islam@samsung.com', '0000-00-00 00:00:00', '0000-00-00 00:00:00'),
(528, 'kibria.s', 'Md. Kibria Siddiquee', '', 'kibria.s@samsung.com', '0000-00-00 00:00:00', '0000-00-00 00:00:00'),
(529, 'mk.mahedi', 'Md. Mahedi Kaysar', '', 'mk.mahedi@samsung.com', '0000-00-00 00:00:00', '0000-00-00 00:00:00'),
(530, 'monir.zz', 'Md. Moniruzzaman', '', 'monir.zz@samsung.com', '0000-00-00 00:00:00', '0000-00-00 00:00:00'),
(531, 'm.mostafiz', 'Md. Mostafizur Rahman', '', 'm.mostafiz@samsung.com', '0000-00-00 00:00:00', '0000-00-00 00:00:00'),
(532, 'rakib.h', 'Md. Rakib Hasan', '', 'rakib.h@samsung.com', '0000-00-00 00:00:00', '0000-00-00 00:00:00'),
(533, 'reza.r', 'Md. Reza  Ul Karim', '', 'reza.r@samsung.com', '0000-00-00 00:00:00', '0000-00-00 00:00:00'),
(534, 'tuhin.r', 'Md. Ridwan Islam Tuhin', '', 'tuhin.r@samsung.com', '0000-00-00 00:00:00', '0000-00-00 00:00:00'),
(535, 'al.seraj', 'Md. Sajib Al- Seraj', '', 'al.seraj@samsung.com', '0000-00-00 00:00:00', '0000-00-00 00:00:00'),
(536, 'sajid.khan', 'Md. Sajid Khan', '', 'sajid.khan@samsung.com', '0000-00-00 00:00:00', '0000-00-00 00:00:00'),
(537, 'shafiqul.s', 'Md. Shafiqul Islam', '', 'shafiqul.s@samsung.com', '0000-00-00 00:00:00', '0000-00-00 00:00:00'),
(538, 'shiam.ms', 'Md. Shiam Shabbir', '', 'shiam.ms@samsung.com', '0000-00-00 00:00:00', '0000-00-00 00:00:00'),
(539, 'mimu.saha', 'Mimu Saha', '', 'mimu.saha@samsung.com', '0000-00-00 00:00:00', '0000-00-00 00:00:00'),
(540, 'iqbal.h', 'Mohammad Iqbal Hossain', '', 'iqbal.h@samsung.com', '0000-00-00 00:00:00', '0000-00-00 00:00:00'),
(541, 'n.alam', 'Mohammad Nazmul Alam Khan', '', 'n.alam@samsung.com', '0000-00-00 00:00:00', '0000-00-00 00:00:00'),
(542, 'a.emtiaz', 'Mohammed Emtiaz Ahmed', '', 'a.emtiaz@samsung.com', '0000-00-00 00:00:00', '0000-00-00 00:00:00'),
(543, 'nabila.s', 'Nabila Shawki', '', 'nabila.s@samsung.com', '0000-00-00 00:00:00', '0000-00-00 00:00:00'),
(544, 'rafik.h', 'Rafikul Haque', '', 'rafik.h@samsung.com', '0000-00-00 00:00:00', '0000-00-00 00:00:00'),
(545, 'rubyd.ahsan', 'Rubydul Ahsan', '', 'rubyd.ahsan@samsung.com', '0000-00-00 00:00:00', '0000-00-00 00:00:00'),
(546, 'towhid.islam', 'S.M. Towhidul Islam', '', 'towhid.islam@samsung.com', '0000-00-00 00:00:00', '0000-00-00 00:00:00'),
(547, 'sajal.s', 'Sajal Saha', '', 'sajal.s@samsung.com', '0000-00-00 00:00:00', '0000-00-00 00:00:00'),
(548, 'salman.ah', 'Salman Ahmed', '', 'salman.ah@samsung.com', '0000-00-00 00:00:00', '0000-00-00 00:00:00'),
(549, 'seemanta.s', 'Seemanta Saha', '', 'seemanta.s@samsung.com', '0000-00-00 00:00:00', '0000-00-00 00:00:00'),
(550, 'shariful.is', 'Shariful Islam', '', 'shariful.is@samsung.com', '0000-00-00 00:00:00', '0000-00-00 00:00:00'),
(551, 'shawkat.ahmd', 'Shawkat Ahmed', '', 'shawkat.ahmd@samsung.com', '0000-00-00 00:00:00', '0000-00-00 00:00:00'),
(552, 'sumi.kd', 'Sumi Kundu', '', 'sumi.kd@samsung.com', '0000-00-00 00:00:00', '0000-00-00 00:00:00'),
(553, 'saa.ashique', 'Syed Ali Ahmed Ashique', '', 'saa.ashique@samsung.com', '0000-00-00 00:00:00', '0000-00-00 00:00:00'),
(554, 'titli.roy', 'Titli Roy', '', 'titli.roy@samsung.com', '0000-00-00 00:00:00', '0000-00-00 00:00:00'),
(555, 'u.salma', 'Umme Salma', '', 'u.salma@samsung.com', '0000-00-00 00:00:00', '0000-00-00 00:00:00'),
(556, 'nazir.ah', 'Ashraful Hasan Nazir', '', 'nazir.ah@samsung.com', '0000-00-00 00:00:00', '0000-00-00 00:00:00'),
(557, 'fr.tanjil', 'Fazle Rabbi Tanjil', '', 'fr.tanjil@samsung.com', '0000-00-00 00:00:00', '0000-00-00 00:00:00'),
(558, 'miral.s', 'K. M. Sarwar Miral', '', 'miral.s@samsung.com', '0000-00-00 00:00:00', '0000-00-00 00:00:00'),
(559, 'mahbub.kr', 'Kazi Mahbubur Rahman', '', 'mahbub.kr@samsung.com', '0000-00-00 00:00:00', '0000-00-00 00:00:00'),
(560, 'aak.rokon', 'Md. Ashraful Karim Rokon', '', 'ak.rokon@samsung.com', '0000-00-00 00:00:00', '0000-00-00 00:00:00'),
(561, 'bayzed.bir', 'Md. Bayzed Islam', '', 'bayzed.bir@samsung.com', '0000-00-00 00:00:00', '0000-00-00 00:00:00'),
(562, 'mj.hossain', 'Md. Jubaer Hossain Pantho', '', 'mj.hossain@samsung.com', '0000-00-00 00:00:00', '0000-00-00 00:00:00'),
(563, 'sm.sarker', 'Md. Kamruzzaman Sarker', '', 'sm.sarker@samsung.com', '0000-00-00 00:00:00', '0000-00-00 00:00:00'),
(564, 'mahedi.hasan', 'Md. Mahedi Hasan', '', 'mahedi.hasan@samsung.com', '0000-00-00 00:00:00', '0000-00-00 00:00:00'),
(565, 'md.monir', 'Md. Moniruzzaman', '', 'md.monir@samsung.com', '0000-00-00 00:00:00', '0000-00-00 00:00:00'),
(566, 'mosharraf.m', 'Md. Mosharraf Hossain', '', 'mosharraf.m@samsung.com', '0000-00-00 00:00:00', '0000-00-00 00:00:00'),
(567, 'mostafiz.r', 'Md. Mostafizur Rahman', '', 'mostafiz.r@samsung.com', '0000-00-00 00:00:00', '0000-00-00 00:00:00'),
(568, 'nazmul.h', 'Md. Nazmul Hossain', '', 'nazmul.h@samsung.com', '0000-00-00 00:00:00', '0000-00-00 00:00:00'),
(569, 'md.sarowar', 'Md. Sarowar Alam', '', 'md.sarowar@samsung.com', '0000-00-00 00:00:00', '0000-00-00 00:00:00'),
(570, 's.halder', 'Samir Halder', '', 's.halder@samsung.com', '0000-00-00 00:00:00', '0000-00-00 00:00:00'),
(571, 'shamim.fakir', 'Md. Shamim Fakir', '', 'shamim.fakir@samsung.com', '0000-00-00 00:00:00', '0000-00-00 00:00:00'),
(572, 'md.zakir', 'Md. Zakir Hossain', '', 'md.zakir@samsung.com', '0000-00-00 00:00:00', '0000-00-00 00:00:00'),
(573, 'mh.kabir', 'Mehedi Hasan Kabir', '', 'mh.kabir@samsung.com', '0000-00-00 00:00:00', '0000-00-00 00:00:00'),
(574, 'mehedi.ahsan', 'Mir Mehedi Ahsan Pritom', '', 'mehedi.ahsan@samsung.com', '0000-00-00 00:00:00', '0000-00-00 00:00:00'),
(575, 'monazil.hc', 'Monazil Hoque Chowdhury', '', 'monazil.hc@samsung.com', '0000-00-00 00:00:00', '0000-00-00 00:00:00'),
(576, 'nipa.barua', 'Nipa Barua', '', 'nipa.barua@samsung.com', '0000-00-00 00:00:00', '0000-00-00 00:00:00'),
(577, 'prianka.b', 'Prianka Banik', '', 'prianka.b@samsung.com', '0000-00-00 00:00:00', '0000-00-00 00:00:00'),
(578, 'pritam.bs', 'Pritam Biswas', '', 'pritam.bs@samsung.com', '0000-00-00 00:00:00', '0000-00-00 00:00:00'),
(579, 'nahian.sunny', 'S. M. Nahian Al Sunny', '', 'nahian.sunny@samsung.com', '0000-00-00 00:00:00', '0000-00-00 00:00:00'),
(580, 'sonjoy.paul', 'Sonjoy Kumar Paul', '', 'sonjoy.paul@samsung.com', '0000-00-00 00:00:00', '0000-00-00 00:00:00'),
(581, 'wahid.zaman', 'Md. Wahiduzzaman Khan', '', 'wahid.zaman@samsung.com', '0000-00-00 00:00:00', '0000-00-00 00:00:00'),
(582, 'kamrul.h', 'Md. Kamrul Hachan', '', 'kamrul.h@samsung.com', '0000-00-00 00:00:00', '0000-00-00 00:00:00'),
(583, 'safiul.i', 'Md. Safiul Islam', '', 'safiul.i@samsung.com', '0000-00-00 00:00:00', '0000-00-00 00:00:00'),
(584, 'kowshik.c', 'Kowshik Chowdhury', '', 'kowshik.c@samsung.com', '0000-00-00 00:00:00', '0000-00-00 00:00:00'),
(585, 'md.alamgir', 'Mohammad Alamgir', '', 'md.alamgir@samsung.com', '0000-00-00 00:00:00', '0000-00-00 00:00:00'),
(586, 'manjur.karim', 'Md. Manjurul Karim', '', 'manjur.karim@samsung.com', '0000-00-00 00:00:00', '0000-00-00 00:00:00'),
(587, 'alaul.h', 'Alaul', 'Haque', 'alaul.h@samsung.com', '0000-00-00 00:00:00', '2014-11-06 08:45:13'),
(588, 'gm.sakib', 'gm.sakib', '', 'gm.sakib@samsung.com', '0000-00-00 00:00:00', '0000-00-00 00:00:00'),
(589, 'k.hasan', 'kairul hasan', '', 'k.hasan@samsung.com', '0000-00-00 00:00:00', '0000-00-00 00:00:00'),
(590, 'rashed.ac', 'rashed.ac', '', 'rashed.ac@samsung.com', '0000-00-00 00:00:00', '0000-00-00 00:00:00'),
(591, 's.sarker', 's.sarker', '', 's.sarker@samsung.com', '0000-00-00 00:00:00', '0000-00-00 00:00:00'),
(592, 'tanni.rahman', 'tanni.rahman', '', 'tanni.rahman@samsung.com', '0000-00-00 00:00:00', '0000-00-00 00:00:00'),
(593, 'mehedi.h', 'mehedi.h', '', 'mehedi.h@samsung.com', '0000-00-00 00:00:00', '0000-00-00 00:00:00'),
(594, 'z.bipul', 'z.bipul', '', 'z.bipul@samsung.com', '0000-00-00 00:00:00', '0000-00-00 00:00:00'),
(595, 's.hossain', 'Shahadat Hossain', '', 's.hossain@samsung.com', '0000-00-00 00:00:00', '2014-10-15 11:41:33'),
(596, 'rashed.karim', 'rashed.karim', '', 'rashed.karim@samsung.com', '0000-00-00 00:00:00', '0000-00-00 00:00:00'),
(597, 'asm.kibria', 'asm.kibria', '', 'asm.kibria@samsung.com', '0000-00-00 00:00:00', '0000-00-00 00:00:00'),
(598, 'taj.tapu', 'taj.tapu', '', 'taj.tapu@samsung.com', '0000-00-00 00:00:00', '0000-00-00 00:00:00'),
(599, 'sabuj.h', 'sabuj.h', '', 'sabuj.h@samsung.com', '0000-00-00 00:00:00', '0000-00-00 00:00:00'),
(600, 'shah.faisal', 'shah.faisal', '', 'shah.faisal@samsung.com', '0000-00-00 00:00:00', '0000-00-00 00:00:00'),
(601, 'uzzal.ks', 'uzzal.ks', '', 'uzzal.ks@samsung.com', '0000-00-00 00:00:00', '0000-00-00 00:00:00'),
(602, 's.fahmi', 's.fahmi', '', 's.fahmi@samsung.com', '0000-00-00 00:00:00', '0000-00-00 00:00:00'),
(603, 'raisuddin.am', 'Abu Mohammed Raisuddin', '', 'raisuddin.am@samsung.com', '0000-00-00 00:00:00', '0000-00-00 00:00:00'),
(604, 'adnan.maruf', 'Adnan Maruf', '', 'adnan.maruf@samsung.com', '0000-00-00 00:00:00', '0000-00-00 00:00:00'),
(605, 'afsana.khan', 'Afsana Khan', '', 'afsana.khan@samsung.com', '0000-00-00 00:00:00', '0000-00-00 00:00:00'),
(606, 'emran.kdr', 'Emran Khandker', '', 'emran.kdr@samsung.com', '0000-00-00 00:00:00', '0000-00-00 00:00:00'),
(607, 'hindol.fahim', 'Fahim Bin Nurul Islam', '', 'hindol.fahim@samsung.com', '0000-00-00 00:00:00', '0000-00-00 00:00:00'),
(608, 'asad.a', 'Md. Abdullah Al Asad', '', 'asad.a@samsung.com', '0000-00-00 00:00:00', '0000-00-00 00:00:00'),
(609, 'mahbub.alam', 'Md. Mahbub-Ul Alam', '', 'mahbub.alam@samsung.com', '0000-00-00 00:00:00', '0000-00-00 00:00:00'),
(610, 'mahfuj.alam', 'Md. Mahfujar Alam', '', 'mahfuj.alam@samsung.com', '0000-00-00 00:00:00', '0000-00-00 00:00:00'),
(611, 'i.shafiq', 'Md. Shafiqul Islam', '', 'i.shafiq@samsung.com', '0000-00-00 00:00:00', '0000-00-00 00:00:00'),
(612, 'shayed.hasan', 'Md. Shayed Hasan', '', 'shayed.hasan@samsung.com', '0000-00-00 00:00:00', '0000-00-00 00:00:00'),
(613, 'zeeshan.ch', 'Muhammed Zeeshan Choudhury', '', 'zeeshan.ch@samsung.com', '0000-00-00 00:00:00', '0000-00-00 00:00:00'),
(614, 'hasan.r', 'Rashedul Hasan', '', 'hasan.r@samsung.com', '0000-00-00 00:00:00', '0000-00-00 00:00:00'),
(615, 'saumitra.c', 'Saumitra Chowdhury', '', 'saumitra.c@samsung.com', '0000-00-00 00:00:00', '0000-00-00 00:00:00'),
(616, 'amer.ganim', 'Md. Amer Muntaq Ganim', '', 'amer.ganim@samsung.com', '0000-00-00 00:00:00', '0000-00-00 00:00:00'),
(617, 'jamiur.r', 'Md. Jamiur Rahman', '', 'jamiur.r@samsung.com', '0000-00-00 00:00:00', '0000-00-00 00:00:00'),
(618, 'monowar.i', 'Md. Monowarul Islam', '', 'monowar.i@samsung.com', '0000-00-00 00:00:00', '0000-00-00 00:00:00'),
(619, 'rf.munne', 'Rumana Ferdous Munne', '', 'rf.munne@samsung.com', '0000-00-00 00:00:00', '0000-00-00 00:00:00'),
(620, 'ik.rahat', 'Imran Khan Rahat', '', 'ik.rahat@samsung.com', '0000-00-00 00:00:00', '0000-00-00 00:00:00'),
(621, 'shaykat.s', 'M. Shaykat Shuva', '', 'shaykat.s@samsung.com', '0000-00-00 00:00:00', '0000-00-00 00:00:00'),
(622, 'muntakim.k', 'Md. Mahmud Muntakim Khan', '', 'muntakim.k@samsung.com', '0000-00-00 00:00:00', '0000-00-00 00:00:00'),
(624, 'mm.islam', 'Muhammad Mobaidul Islam', '', 'mm.islam@samsung.com', '0000-00-00 00:00:00', '0000-00-00 00:00:00'),
(625, 'samiur.r', 'Samiur Rahman', '', 'samiur.r@samsung.com', '0000-00-00 00:00:00', '0000-00-00 00:00:00'),
(626, 'shahed.se', 'Md. Shahed Iqbal', '', 'shahed.se@samsung.com', '0000-00-00 00:00:00', '0000-00-00 00:00:00'),
(627, 'joy.roy', 'joy.roy', '', 'joy.roy@samsung.com', '0000-00-00 00:00:00', '0000-00-00 00:00:00'),
(628, 'imam.bokhary', 'Imam Mohammad Bokhary', '', 'imam.bokhary@samsung.com', '0000-00-00 00:00:00', '0000-00-00 00:00:00'),
(629, 'syeful.islam', 'Md. Syeful Islam', '', 'syeful.islam@samsung.com', '0000-00-00 00:00:00', '0000-00-00 00:00:00'),
(630, 'pall.mahmud', 'pall.mahmud', '', 'pall.mahmud@samsung.com', '0000-00-00 00:00:00', '0000-00-00 00:00:00'),
(631, 'n.afser', 'Nurul Afser', 'Talukder', 'n.afser@samsung.com', '2014-11-05 03:20:37', '2014-11-05 03:20:37');

/*!40101 SET CHARACTER_SET_CLIENT=@OLD_CHARACTER_SET_CLIENT */;
/*!40101 SET CHARACTER_SET_RESULTS=@OLD_CHARACTER_SET_RESULTS */;
/*!40101 SET COLLATION_CONNECTION=@OLD_COLLATION_CONNECTION */;
